DATE,SKU Combination,Secondary Sales Quantity Invoiced
2020-01-01,0,641
2020-02-01,0,33
2020-01-01,1,303
2020-02-01,1,33
2020-02-01,3,33
2020-01-01,3,-30
2020-02-01,5,33
2020-01-01,5,87
2020-02-01,6,33
2020-01-01,6,171
2020-01-01,7,-79
2020-02-01,7,33
2020-02-01,8,33
2020-01-01,8,-93
2020-02-01,9,33
2020-01-01,9,82
2020-01-01,10,-55
2020-02-01,10,33
2020-02-01,11,33
2020-01-01,11,9
2020-01-01,12,-29
2020-02-01,12,33
2020-01-01,13,0
2020-02-01,13,33
2020-01-01,14,4
2020-02-01,14,33
2020-01-01,15,10
2020-02-01,15,33
2020-01-01,16,17
2020-02-01,16,33
2020-01-01,17,22
2020-02-01,17,33
2020-01-01,18,26
2020-02-01,18,33
2020-01-01,19,29
2020-02-01,19,33
2020-02-01,20,33
2020-01-01,20,30
2020-01-01,21,31
2020-02-01,21,33
2020-02-01,22,33
2020-01-01,22,32
2020-01-01,23,32
2020-02-01,23,33
2020-02-01,25,33
2020-01-01,25,33
2020-02-01,26,33
2020-02-01,27,33
2020-01-01,27,33
2020-02-01,29,33
2020-01-01,29,33
2020-01-01,30,33
2020-02-01,30,33
2020-02-01,31,33
2020-01-01,31,33
2020-02-01,32,33
2020-01-01,32,33
2020-02-01,33,33
2020-01-01,33,33
2020-01-01,34,33
2020-02-01,34,33
2020-02-01,35,33
2020-01-01,36,33
2020-02-01,36,33
2020-02-01,37,33
2020-01-01,37,33
2020-02-01,38,33
2020-01-01,38,33
2020-01-01,39,33
2020-02-01,39,33
2020-02-01,40,33
2020-01-01,40,33
2020-01-01,41,33
2020-02-01,41,33
2020-01-01,42,33
2020-02-01,43,33
2020-01-01,43,33
2020-02-01,45,33
2020-01-01,45,33
2020-01-01,48,33
2020-02-01,50,33
2020-01-01,52,33
2020-02-01,52,33
2020-01-01,53,33
2020-01-01,54,33
2020-02-01,54,33
2020-02-01,55,33
2020-01-01,55,33
2020-01-01,57,33
2020-02-01,57,33
2020-01-01,58,33
2020-02-01,59,33
2020-01-01,59,33
2020-02-01,60,33
2020-01-01,60,33
2020-02-01,62,33
2020-01-01,62,33
2020-02-01,64,33
2020-02-01,66,33
2020-01-01,66,33
2020-01-01,67,33
2020-01-01,69,33
2020-01-01,71,33
2020-01-01,72,33
2020-02-01,72,33
2020-02-01,74,33
2020-01-01,74,33
2020-02-01,75,33
2020-01-01,75,33
2020-01-01,76,33
2020-02-01,76,33
2020-02-01,78,33
2020-01-01,78,33
2020-01-01,80,33
2020-02-01,81,33
2020-01-01,81,33
2020-01-01,83,33
2020-02-01,83,33
2020-01-01,84,33
2020-02-01,84,33
2020-01-01,86,33
2020-02-01,86,33
2020-01-01,87,33
2020-02-01,87,33
2020-02-01,89,33
2020-02-01,91,33
2020-01-01,92,33
2020-02-01,92,33
2020-01-01,93,33
2020-02-01,93,33
2020-01-01,96,33
2020-02-01,96,33
2020-01-01,128,502
2020-01-01,142,33
2020-02-01,144,33
2020-01-01,144,33
2020-01-01,146,33
2020-02-01,148,33
2020-02-01,151,33
2020-02-01,152,33
2020-02-01,154,33
2020-01-01,156,33
2020-01-01,157,33
2020-01-01,159,33
2020-01-01,161,33
2020-02-01,163,33
2020-01-01,165,33
2020-02-01,165,33
2020-01-01,167,33
2020-02-01,167,33
2020-02-01,168,33
2020-01-01,168,33
2020-02-01,172,33
2020-01-01,174,33
2020-01-01,175,33
2020-02-01,176,33
2020-01-01,176,33
2020-01-01,178,33
2020-02-01,178,33
2020-02-01,181,33
2020-02-01,183,33
2020-02-01,185,33
2020-02-01,186,33
2020-02-01,187,33
2020-01-01,188,33
2020-02-01,188,33
2020-01-01,190,33
2020-02-01,192,33
2020-01-01,192,33
2020-01-01,193,33
2020-02-01,195,33
2020-02-01,198,33
2020-02-01,200,33
2020-01-01,203,33
2020-02-01,205,33
2020-01-01,207,33
2020-01-01,209,33
2020-02-01,209,33
2020-01-01,211,33
2020-01-01,212,33
2020-01-01,213,33
2020-02-01,213,33
2020-01-01,215,33
2020-02-01,216,33
2020-01-01,217,33
2020-01-01,219,33
2020-01-01,220,33
2020-02-01,221,33
2020-01-01,221,33
2020-02-01,224,33
2020-01-01,227,33
2020-02-01,227,33
2020-02-01,228,33
2020-02-01,229,33
2020-01-01,229,33
2020-01-01,230,33
2020-02-01,230,33
2020-01-01,231,33
2020-02-01,231,33
2020-01-01,232,33
2020-02-01,232,33
2020-02-01,234,33
2020-01-01,234,33
2020-02-01,235,33
2020-01-01,235,33
2020-02-01,236,33
2020-01-01,236,33
2020-02-01,237,33
2020-01-01,237,33
2020-02-01,238,33
2020-01-01,238,33
2020-02-01,239,33
2020-01-01,239,33
2020-01-01,240,33
2020-02-01,240,33
2020-01-01,241,33
2020-02-01,241,33
2020-01-01,242,33
2020-02-01,242,33
2020-02-01,243,33
2020-01-01,243,33
2020-02-01,244,33
2020-01-01,244,33
2020-02-01,246,33
2020-01-01,246,33
2020-01-01,247,33
2020-02-01,247,33
2020-02-01,248,33
2020-01-01,248,33
2020-01-01,249,33
2020-02-01,249,33
2020-01-01,250,33
2020-02-01,250,33
2020-01-01,251,33
2020-02-01,251,33
2020-01-01,252,33
2020-02-01,252,33
2020-02-01,253,33
2020-01-01,253,33
2020-01-01,254,33
2020-02-01,254,33
2020-02-01,255,33
2020-01-01,255,33
2020-02-01,256,33
2020-01-01,256,33
2020-02-01,257,33
2020-01-01,257,33
2020-02-01,258,33
2020-01-01,258,33
2020-01-01,259,33
2020-02-01,259,33
2020-01-01,260,33
2020-02-01,260,33
2020-01-01,261,33
2020-02-01,261,33
2020-01-01,262,33
2020-02-01,262,33
2020-01-01,264,33
2020-02-01,264,33
2020-02-01,265,33
2020-01-01,265,33
2020-02-01,266,33
2020-01-01,266,33
2020-01-01,267,33
2020-02-01,267,33
2020-01-01,268,33
2020-02-01,268,33
2020-02-01,270,33
2020-01-01,270,33
2020-02-01,271,33
2020-01-01,271,33
2020-02-01,272,33
2020-01-01,272,33
2020-02-01,273,33
2020-01-01,273,33
2020-02-01,274,33
2020-01-01,274,33
2020-02-01,275,33
2020-01-01,275,33
2020-01-01,276,33
2020-02-01,276,33
2020-01-01,277,33
2020-02-01,277,33
2020-01-01,278,33
2020-02-01,278,33
2020-02-01,279,33
2020-01-01,279,33
2020-01-01,280,33
2020-02-01,280,33
2020-01-01,281,33
2020-02-01,281,33
2020-01-01,282,33
2020-02-01,282,33
2020-01-01,283,33
2020-02-01,283,33
2020-01-01,284,33
2020-02-01,284,33
2020-01-01,285,33
2020-02-01,285,33
2020-01-01,286,33
2020-02-01,286,33
2020-02-01,287,33
2020-01-01,287,33
2020-02-01,288,33
2020-01-01,288,33
2020-01-01,290,33
2020-02-01,290,33
2020-01-01,291,33
2020-02-01,291,33
2020-01-01,293,33
2020-02-01,293,33
2020-02-01,294,33
2020-01-01,294,33
2020-02-01,295,33
2020-01-01,295,33
2020-01-01,296,33
2020-02-01,296,33
2020-02-01,297,33
2020-01-01,297,33
2020-01-01,298,33
2020-02-01,298,33
2020-02-01,299,33
2020-01-01,299,33
2020-01-01,300,33
2020-02-01,300,33
2020-02-01,301,33
2020-01-01,301,33
2020-02-01,302,33
2020-01-01,302,33
2020-01-01,303,33
2020-02-01,303,33
2020-01-01,304,33
2020-02-01,304,33
2020-01-01,305,33
2020-02-01,305,33
2020-01-01,306,33
2020-02-01,306,33
2020-01-01,307,33
2020-02-01,307,33
2020-01-01,308,33
2020-02-01,308,33
2020-02-01,309,33
2020-01-01,309,33
2020-02-01,310,33
2020-01-01,310,33
2020-01-01,311,33
2020-02-01,311,33
2020-01-01,312,33
2020-02-01,312,33
2020-01-01,313,33
2020-02-01,313,33
2020-02-01,314,33
2020-01-01,314,33
2020-02-01,315,33
2020-01-01,315,33
2020-02-01,316,33
2020-01-01,316,33
2020-01-01,317,33
2020-02-01,317,33
2020-01-01,318,33
2020-01-01,319,33
2020-02-01,319,33
2020-02-01,320,33
2020-01-01,320,33
2020-02-01,321,33
2020-01-01,321,33
2020-02-01,322,33
2020-01-01,322,33
2020-01-01,323,33
2020-02-01,323,33
2020-02-01,325,33
2020-01-01,325,33
2020-01-01,326,33
2020-02-01,326,33
2020-02-01,327,33
2020-01-01,327,33
2020-01-01,328,33
2020-02-01,328,33
2020-01-01,329,33
2020-02-01,329,33
2020-02-01,330,33
2020-01-01,330,33
2020-01-01,331,33
2020-02-01,331,33
2020-01-01,332,33
2020-02-01,332,33
2020-01-01,333,33
2020-02-01,333,33
2020-01-01,334,33
2020-02-01,334,33
2020-01-01,335,33
2020-02-01,335,33
2020-01-01,336,33
2020-02-01,336,33
2020-01-01,337,33
2020-02-01,337,33
2020-01-01,338,33
2020-02-01,338,33
2020-02-01,339,33
2020-01-01,340,33
2020-02-01,340,33
2020-01-01,341,33
2020-02-01,341,33
2020-02-01,342,33
2020-01-01,342,33
2020-02-01,343,33
2020-01-01,343,33
2020-02-01,345,33
2020-01-01,345,33
2020-01-01,346,33
2020-02-01,346,33
2020-02-01,348,33
2020-01-01,348,33
2020-02-01,349,33
2020-01-01,349,33
2020-02-01,350,33
2020-01-01,350,33
2020-02-01,351,33
2020-01-01,351,33
2020-01-01,352,33
2020-02-01,352,33
2020-02-01,353,33
2020-01-01,353,33
2020-01-01,354,33
2020-02-01,354,33
2020-01-01,355,33
2020-02-01,355,33
2020-01-01,356,33
2020-02-01,356,33
2020-01-01,357,33
2020-02-01,357,33
2020-01-01,358,33
2020-02-01,358,33
2020-02-01,359,33
2020-01-01,359,33
2020-01-01,360,33
2020-02-01,360,33
2020-02-01,361,33
2020-01-01,361,33
2020-01-01,362,33
2020-02-01,362,33
2020-02-01,363,33
2020-01-01,363,33
2020-01-01,364,33
2020-02-01,364,33
2020-01-01,365,33
2020-02-01,365,33
2020-01-01,366,33
2020-02-01,366,33
2020-01-01,367,33
2020-02-01,367,33
2020-01-01,368,33
2020-02-01,368,33
2020-02-01,369,33
2020-01-01,369,33
2020-01-01,370,33
2020-02-01,371,33
2020-01-01,371,33
2020-01-01,372,33
2020-02-01,372,33
2020-02-01,374,33
2020-01-01,374,33
2020-01-01,375,33
2020-02-01,375,33
2020-01-01,376,33
2020-02-01,376,33
2020-01-01,377,33
2020-02-01,377,33
2020-02-01,378,33
2020-01-01,378,33
2020-01-01,380,33
2020-02-01,380,33
2020-02-01,381,33
2020-01-01,381,33
2020-02-01,382,33
2020-01-01,382,33
2020-02-01,383,33
2020-01-01,383,33
2020-02-01,384,33
2020-01-01,384,33
2020-02-01,385,33
2020-01-01,385,33
2020-02-01,386,33
2020-01-01,386,33
2020-02-01,387,33
2020-01-01,387,33
2020-02-01,388,33
2020-01-01,388,33
2020-02-01,389,33
2020-01-01,389,33
2020-02-01,390,33
2020-01-01,390,33
2020-01-01,391,33
2020-02-01,391,33
2020-02-01,392,33
2020-01-01,392,33
2020-01-01,393,33
2020-02-01,393,33
2020-01-01,394,33
2020-02-01,394,33
2020-01-01,395,33
2020-02-01,395,33
2020-01-01,396,33
2020-02-01,396,33
2020-01-01,398,33
2020-02-01,398,33
2020-02-01,400,33
2020-02-01,401,33
2020-01-01,401,33
2020-02-01,404,33
2020-01-01,404,33
2020-02-01,405,33
2020-02-01,406,33
2020-01-01,406,33
2020-02-01,408,33
2020-01-01,408,33
2020-01-01,409,33
2020-02-01,409,33
2020-02-01,410,33
2020-01-01,410,33
2020-02-01,412,33
2020-01-01,414,33
2020-01-01,415,33
2020-02-01,415,33
2020-01-01,417,33
2020-02-01,417,33
2020-02-01,419,33
2020-01-01,419,33
2020-01-01,421,33
2020-02-01,421,33
2020-02-01,424,33
2020-01-01,424,33
2020-01-01,426,33
2020-02-01,427,33
2020-01-01,427,33
2020-01-01,429,33
2020-02-01,429,33
2020-02-01,431,33
2020-01-01,431,33
2020-01-01,432,33
2020-02-01,433,33
2020-01-01,433,33
2020-01-01,434,33
2020-02-01,434,33
2020-02-01,435,33
2020-01-01,435,33
2020-01-01,437,33
2020-02-01,438,33
2020-01-01,438,33
2020-02-01,441,33
2020-01-01,441,33
2020-02-01,443,33
2020-01-01,443,33
2020-01-01,444,33
2020-02-01,444,33
2020-02-01,446,33
2020-02-01,447,33
2020-01-01,447,33
2020-02-01,449,33
2020-01-01,450,33
2020-02-01,450,33
2020-02-01,452,33
2020-01-01,452,33
2020-01-01,454,33
2020-02-01,454,33
2020-01-01,455,33
2020-02-01,455,33
2020-01-01,458,33
2020-02-01,458,33
2020-02-01,459,33
2020-02-01,460,33
2020-01-01,460,33
2020-01-01,461,33
2020-02-01,462,33
2020-01-01,462,33
2020-02-01,463,33
2020-01-01,464,33
2020-02-01,464,33
2020-02-01,465,33
2020-02-01,466,33
2020-01-01,466,33
2020-02-01,467,33
2020-01-01,467,33
2020-02-01,468,33
2020-01-01,468,33
2020-01-01,469,33
2020-02-01,469,33
2020-01-01,470,33
2020-01-01,471,33
2020-02-01,471,33
2020-01-01,472,33
2020-02-01,473,33
2020-01-01,473,33
2020-01-01,474,33
2020-02-01,475,33
2020-01-01,475,33
2020-01-01,477,33
2020-02-01,478,33
2020-01-01,478,33
2020-01-01,480,33
2020-02-01,481,33
2020-01-01,481,33
2020-01-01,483,33
2020-02-01,483,33
2020-01-01,484,33
2020-02-01,485,33
2020-01-01,485,33
2020-01-01,486,33
2020-02-01,487,33
2020-01-01,487,33
2020-02-01,489,33
2020-01-01,489,33
2020-01-01,490,33
2020-02-01,490,33
2020-01-01,492,33
2020-02-01,492,33
2020-01-01,493,33
2020-02-01,493,33
2020-01-01,494,33
2020-01-01,495,33
2020-02-01,496,33
2020-01-01,496,33
2020-02-01,498,33
2020-01-01,498,33
2020-01-01,499,33
2020-02-01,499,33
2020-02-01,501,33
2020-01-01,501,33
2020-01-01,502,33
2020-02-01,502,33
2020-02-01,504,33
2020-01-01,504,33
2020-02-01,505,33
2020-01-01,505,33
2020-02-01,506,33
2020-01-01,506,33
2020-01-01,507,33
2020-02-01,507,33
2020-02-01,508,33
2020-01-01,508,33
2020-01-01,510,33
2020-02-01,510,33
2020-01-01,511,33
2020-01-01,512,33
2020-02-01,512,33
2020-01-01,513,33
2020-02-01,513,33
2020-02-01,514,33
2020-01-01,514,33
2020-01-01,515,33
2020-02-01,515,33
2020-01-01,516,33
2020-01-01,517,33
2020-02-01,517,33
2020-01-01,518,33
2020-01-01,519,33
2020-02-01,520,33
2020-01-01,520,33
2020-01-01,521,33
2020-02-01,521,33
2020-01-01,522,33
2020-02-01,522,33
2020-02-01,523,33
2020-01-01,524,33
2020-02-01,524,33
2020-02-01,525,33
2020-01-01,525,33
2020-01-01,526,33
2020-02-01,526,33
2020-01-01,527,33
2020-02-01,527,33
2020-02-01,528,33
2020-01-01,529,33
2020-02-01,529,33
2020-02-01,530,33
2020-02-01,531,33
2020-01-01,531,33
2020-02-01,532,33
2020-01-01,532,33
2020-02-01,533,33
2020-01-01,533,33
2020-01-01,534,33
2020-02-01,534,33
2020-01-01,535,33
2020-02-01,535,33
2020-02-01,536,33
2020-01-01,536,33
2020-01-01,537,33
2020-02-01,537,33
2020-01-01,538,33
2020-02-01,538,33
2020-01-01,540,33
2020-02-01,540,33
2020-02-01,541,33
2020-01-01,541,33
2020-01-01,542,33
2020-02-01,542,33
2020-02-01,543,33
2020-01-01,543,33
2020-01-01,544,33
2020-02-01,544,33
2020-01-01,546,33
2020-02-01,546,33
2020-01-01,547,33
2020-02-01,547,33
2020-01-01,548,33
2020-02-01,548,33
2020-01-01,549,33
2020-02-01,549,33
2020-01-01,550,33
2020-02-01,550,33
2020-02-01,551,33
2020-01-01,551,33
2020-02-01,552,33
2020-01-01,552,33
2020-02-01,553,33
2020-01-01,553,33
2020-02-01,554,33
2020-01-01,554,33
2020-01-01,555,33
2020-02-01,555,33
2020-01-01,556,33
2020-02-01,556,33
2020-02-01,557,33
2020-01-01,557,33
2020-02-01,558,33
2020-01-01,558,33
2020-02-01,559,33
2020-01-01,559,33
2020-01-01,560,33
2020-02-01,560,33
2020-02-01,561,33
2020-01-01,561,33
2020-02-01,562,33
2020-01-01,562,33
2020-01-01,563,33
2020-02-01,564,33
2020-01-01,565,33
2020-02-01,565,33
2020-01-01,566,33
2020-02-01,569,33
2020-02-01,570,33
2020-01-01,572,33
2020-01-01,573,33
2020-01-01,575,33
2020-02-01,577,33
2020-01-01,580,33
2020-01-01,581,33
2020-02-01,587,33
2020-02-01,589,33
2020-02-01,592,33
2020-02-01,593,33
2020-02-01,595,33
2020-01-01,595,33
2020-02-01,596,33
2020-01-01,596,33
2020-02-01,597,33
2020-01-01,597,33
2020-01-01,598,33
2020-02-01,598,33
2020-02-01,599,33
2020-01-01,599,33
2020-02-01,600,33
2020-01-01,600,33
2020-01-01,601,33
2020-02-01,601,33
2020-01-01,602,33
2020-02-01,602,33
2020-01-01,603,33
2020-02-01,603,33
2020-02-01,604,33
2020-01-01,604,33
2020-01-01,605,33
2020-02-01,605,33
2020-01-01,606,33
2020-02-01,606,33
2020-02-01,607,33
2020-01-01,607,33
2020-01-01,608,33
2020-02-01,608,33
2020-02-01,609,33
2020-01-01,609,33
2020-01-01,610,33
2020-02-01,610,33
2020-01-01,611,33
2020-02-01,611,33
2020-02-01,613,33
2020-01-01,613,33
2020-01-01,614,33
2020-02-01,614,33
2020-01-01,615,33
2020-02-01,615,33
2020-01-01,616,33
2020-02-01,616,33
2020-01-01,617,33
2020-02-01,617,33
2020-01-01,618,33
2020-02-01,618,33
2020-02-01,619,33
2020-01-01,619,33
2020-01-01,620,33
2020-02-01,620,33
2020-01-01,621,33
2020-02-01,621,33
2020-01-01,622,33
2020-02-01,622,33
2020-02-01,623,33
2020-01-01,623,33
2020-01-01,625,33
2020-02-01,625,33
2020-01-01,626,33
2020-02-01,626,33
2020-01-01,627,33
2020-02-01,627,33
2020-02-01,628,33
2020-01-01,628,33
2020-01-01,629,33
2020-02-01,629,33
2020-01-01,631,33
2020-02-01,631,33
2020-02-01,632,33
2020-01-01,632,33
2020-01-01,633,33
2020-02-01,633,33
2020-02-01,634,33
2020-01-01,634,33
2020-02-01,635,33
2020-01-01,635,33
2020-01-01,636,33
2020-02-01,636,33
2020-01-01,637,33
2020-02-01,637,33
2020-02-01,638,33
2020-01-01,638,33
2020-01-01,639,33
2020-02-01,639,33
2020-02-01,640,33
2020-01-01,640,33
2020-02-01,641,33
2020-01-01,641,33
2020-01-01,642,33
2020-02-01,642,33
2020-01-01,643,33
2020-02-01,643,33
2020-01-01,644,33
2020-02-01,644,33
2020-01-01,645,33
2020-02-01,645,33
2020-01-01,646,33
2020-02-01,646,33
2020-01-01,647,33
2020-02-01,647,33
2020-02-01,648,33
2020-01-01,648,33
2020-01-01,649,33
2020-02-01,649,33
2020-02-01,650,33
2020-01-01,650,33
2020-01-01,652,33
2020-02-01,652,33
2020-01-01,653,33
2020-02-01,653,33
2020-01-01,654,33
2020-02-01,655,33
2020-01-01,655,33
2020-02-01,656,33
2020-01-01,656,33
2020-01-01,657,33
2020-02-01,657,33
2020-01-01,658,33
2020-02-01,658,33
2020-02-01,659,33
2020-01-01,659,33
2020-02-01,660,33
2020-01-01,660,33
2020-01-01,661,33
2020-02-01,661,33
2020-01-01,662,33
2020-02-01,662,33
2020-01-01,664,33
2020-02-01,664,33
2020-01-01,665,33
2020-02-01,665,33
2020-01-01,666,33
2020-02-01,666,33
2020-02-01,667,33
2020-01-01,667,33
2020-01-01,668,33
2020-02-01,668,33
2020-02-01,669,33
2020-01-01,669,33
2020-02-01,670,33
2020-01-01,670,33
2020-01-01,671,33
2020-02-01,671,33
2020-02-01,672,33
2020-01-01,672,33
2020-02-01,673,33
2020-01-01,673,33
2020-02-01,674,33
2020-01-01,674,33
2020-02-01,675,33
2020-01-01,675,33
2020-02-01,676,33
2020-01-01,676,33
2020-02-01,677,33
2020-01-01,677,33
2020-02-01,678,33
2020-01-01,678,33
2020-02-01,679,33
2020-01-01,679,33
2020-02-01,680,33
2020-01-01,680,33
2020-02-01,681,33
2020-01-01,681,33
2020-02-01,682,33
2020-01-01,682,33
2020-02-01,683,33
2020-01-01,683,33
2020-01-01,684,33
2020-02-01,684,33
2020-02-01,685,33
2020-01-01,685,33
2020-02-01,686,33
2020-01-01,686,33
2020-02-01,688,33
2020-01-01,688,33
2020-02-01,689,33
2020-01-01,689,33
2020-02-01,690,33
2020-01-01,690,33
2020-01-01,691,33
2020-02-01,691,33
2020-02-01,692,33
2020-01-01,692,33
2020-02-01,693,33
2020-01-01,693,33
2020-01-01,694,33
2020-02-01,694,33
2020-02-01,695,33
2020-01-01,695,33
2020-01-01,696,33
2020-02-01,696,33
2020-02-01,697,33
2020-01-01,697,33
2020-01-01,698,33
2020-02-01,698,33
2020-01-01,699,33
2020-02-01,699,33
2020-01-01,700,33
2020-02-01,700,33
2020-01-01,701,33
2020-02-01,701,33
2020-01-01,702,33
2020-02-01,702,33
2020-02-01,703,33
2020-01-01,703,33
2020-01-01,704,33
2020-02-01,704,33
2020-02-01,707,33
2020-01-01,708,33
2020-02-01,708,33
2020-01-01,710,33
2020-02-01,715,33
2020-02-01,716,33
2020-02-01,718,33
2020-01-01,720,33
2020-01-01,722,33
2020-02-01,726,33
2020-01-01,726,33
2020-02-01,728,33
2020-01-01,729,33
2020-01-01,730,33
2020-02-01,730,33
2020-02-01,732,33
2020-02-01,734,33
2020-01-01,735,33
2020-01-01,738,33
2020-01-01,739,33
2020-01-01,740,33
2020-02-01,740,33
2020-02-01,744,33
2020-02-01,746,33
2020-02-01,747,33
2020-02-01,748,33
2020-02-01,749,33
2020-01-01,751,33
2020-02-01,751,33
2020-01-01,752,33
2020-02-01,752,33
2020-02-01,754,33
2020-01-01,754,33
2020-01-01,755,33
2020-02-01,755,33
2020-01-01,757,33
2020-02-01,757,33
2020-01-01,758,33
2020-02-01,758,33
2020-02-01,759,33
2020-01-01,759,33
2020-02-01,760,33
2020-01-01,760,33
2020-02-01,761,33
2020-01-01,761,33
2020-02-01,762,33
2020-01-01,762,33
2020-01-01,763,33
2020-02-01,763,33
2020-02-01,764,33
2020-01-01,764,33
2020-01-01,765,33
2020-02-01,765,33
2020-01-01,766,33
2020-02-01,766,33
2020-01-01,767,33
2020-02-01,767,33
2020-02-01,768,33
2020-01-01,768,33
2020-02-01,769,33
2020-01-01,769,33
2020-02-01,770,33
2020-01-01,770,33
2020-01-01,771,33
2020-02-01,771,33
2020-01-01,772,33
2020-02-01,772,33
2020-02-01,773,33
2020-01-01,773,33
2020-02-01,774,33
2020-01-01,774,33
2020-01-01,775,33
2020-02-01,775,33
2020-01-01,776,33
2020-02-01,776,33
2020-01-01,777,33
2020-02-01,777,33
2020-01-01,778,33
2020-02-01,778,33
2020-01-01,779,33
2020-02-01,779,33
2020-01-01,780,33
2020-02-01,780,33
2020-01-01,781,33
2020-02-01,781,33
2020-01-01,782,33
2020-01-01,783,33
2020-02-01,783,33
2020-01-01,784,33
2020-02-01,784,33
2020-02-01,785,33
2020-01-01,785,33
2020-02-01,786,33
2020-01-01,786,33
2020-01-01,787,33
2020-02-01,787,33
2020-01-01,789,33
2020-02-01,789,33
2020-01-01,790,33
2020-02-01,790,33
2020-01-01,791,33
2020-02-01,791,33
2020-01-01,792,33
2020-02-01,792,33
2020-01-01,793,33
2020-02-01,793,33
2020-01-01,794,33
2020-02-01,794,33
2020-02-01,795,33
2020-01-01,795,33
2020-02-01,796,33
2020-01-01,796,33
2020-01-01,797,33
2020-02-01,797,33
2020-02-01,798,33
2020-01-01,798,33
2020-01-01,799,33
2020-02-01,799,33
2020-01-01,800,33
2020-02-01,800,33
2020-01-01,801,33
2020-02-01,801,33
2020-01-01,802,33
2020-02-01,802,33
2020-01-01,803,33
2020-02-01,803,33
2020-01-01,804,33
2020-02-01,804,33
2020-02-01,805,33
2020-01-01,805,33
2020-01-01,807,33
2020-02-01,807,33
2020-01-01,808,33
2020-02-01,808,33
2020-01-01,809,33
2020-02-01,809,33
2020-01-01,810,33
2020-02-01,811,33
2020-01-01,811,33
2020-02-01,812,33
2020-02-01,813,33
2020-02-01,814,33
2020-01-01,814,33
2020-01-01,815,33
2020-02-01,815,33
2020-02-01,816,33
2020-01-01,816,33
2020-02-01,817,33
2020-01-01,817,33
2020-02-01,818,33
2020-01-01,818,33
2020-01-01,819,33
2020-02-01,819,33
2020-01-01,820,33
2020-02-01,820,33
2020-01-01,821,33
2020-02-01,821,33
2020-02-01,822,33
2020-01-01,822,33
2020-01-01,823,33
2020-02-01,824,33
2020-01-01,824,33
2020-02-01,825,33
2020-01-01,825,33
2020-02-01,826,33
2020-01-01,826,33
2020-02-01,827,33
2020-01-01,827,33
2020-02-01,828,33
2020-01-01,828,33
2020-02-01,829,33
2020-01-01,829,33
2020-02-01,830,33
2020-01-01,830,33
2020-01-01,831,33
2020-02-01,831,33
2020-01-01,833,33
2020-02-01,834,33
2020-01-01,834,33
2020-01-01,835,33
2020-01-01,836,33
2020-02-01,836,33
2020-01-01,837,33
2020-02-01,837,33
2020-02-01,838,33
2020-01-01,838,33
2020-01-01,839,33
2020-02-01,840,33
2020-01-01,840,33
2020-02-01,842,33
2020-01-01,842,33
2020-02-01,843,33
2020-01-01,843,33
2020-02-01,845,33
2020-01-01,845,33
2020-01-01,846,33
2020-02-01,846,33
2020-01-01,847,33
2020-01-01,848,33
2020-01-01,849,33
2020-02-01,849,33
2020-01-01,850,33
2020-02-01,850,33
2020-01-01,851,33
2020-02-01,851,33
2020-02-01,852,33
2020-01-01,852,33
2020-02-01,853,33
2020-01-01,854,33
2020-02-01,854,33
2020-01-01,855,33
2020-02-01,855,33
2020-02-01,857,33
2020-02-01,858,33
2020-01-01,858,33
2020-02-01,859,33
2020-01-01,861,33
2020-01-01,863,33
2020-02-01,864,33
2020-02-01,866,33
2020-01-01,870,33
2020-02-01,875,33
2020-02-01,878,33
2020-01-01,880,33
2020-02-01,880,33
2020-01-01,885,33
2020-01-01,887,33
2020-02-01,889,33
2020-02-01,892,33
2020-01-01,894,33
2020-02-01,894,33
2020-02-01,899,33
2020-01-01,900,33
2020-01-01,902,33
2020-01-01,903,33
2020-02-01,904,33
2020-01-01,904,33
2020-02-01,906,33
2020-01-01,906,33
2020-01-01,908,33
2020-02-01,908,33
2020-01-01,910,33
2020-02-01,910,33
2020-01-01,912,33
2020-01-01,913,33
2020-02-01,913,33
2020-02-01,915,33
2020-01-01,915,33
2020-01-01,917,33
2020-02-01,919,33
2020-01-01,919,33
2020-01-01,924,33
2020-02-01,925,33
2020-01-01,925,33
2020-02-01,927,33
2020-01-01,927,33
2020-02-01,929,33
2020-01-01,929,33
2020-01-01,930,33
2020-02-01,931,33
2020-01-01,931,33
2020-02-01,933,33
2020-01-01,933,33
2020-01-01,934,33
2020-02-01,935,33
2020-01-01,935,33
2020-02-01,939,33
2020-01-01,940,33
2020-02-01,942,33
2020-02-01,943,33
2020-01-01,943,33
2020-01-01,945,33
2020-02-01,945,33
2020-02-01,946,33
2020-01-01,946,33
2020-01-01,947,33
2020-02-01,947,33
2020-02-01,948,33
2020-01-01,948,33
2020-02-01,949,33
2020-01-01,949,33
2020-02-01,951,33
2020-01-01,951,33
2020-02-01,952,33
2020-01-01,952,33
2020-02-01,953,33
2020-01-01,953,33
2020-02-01,954,33
2020-01-01,954,33
2020-01-01,955,33
2020-02-01,955,33
2020-02-01,956,33
2020-01-01,956,33
2020-01-01,957,33
2020-02-01,957,33
2020-01-01,958,33
2020-02-01,958,33
2020-01-01,959,33
2020-02-01,959,33
2020-01-01,961,33
2020-02-01,961,33
2020-01-01,962,33
2020-02-01,962,33
2020-01-01,963,33
2020-02-01,963,33
2020-01-01,964,33
2020-02-01,964,33
2020-01-01,965,33
2020-02-01,965,33
2020-02-01,966,33
2020-01-01,966,33
2020-01-01,967,33
2020-02-01,967,33
2020-02-01,968,33
2020-01-01,968,33
2020-01-01,969,33
2020-02-01,969,33
2020-01-01,970,33
2020-02-01,970,33
2020-02-01,971,33
2020-01-01,971,33
2020-01-01,972,33
2020-02-01,972,33
2020-01-01,973,33
2020-02-01,973,33
2020-01-01,974,33
2020-02-01,974,33
2020-02-01,975,33
2020-01-01,975,33
2020-02-01,976,33
2020-01-01,976,33
2020-01-01,977,33
2020-02-01,977,33
2020-02-01,978,33
2020-01-01,978,33
2020-02-01,979,33
2020-01-01,979,33
2020-02-01,980,33
2020-01-01,980,33
2020-02-01,981,33
2020-01-01,981,33
2020-02-01,982,33
2020-01-01,982,33
2020-02-01,983,33
2020-01-01,983,33
2020-01-01,984,33
2020-02-01,984,33
2020-01-01,985,33
2020-02-01,985,33
2020-01-01,986,33
2020-01-01,987,33
2020-02-01,987,33
2020-01-01,988,33
2020-02-01,988,33
2020-02-01,989,33
2020-01-01,989,33
2020-01-01,990,33
2020-02-01,990,33
2020-01-01,991,33
2020-02-01,991,33
2020-02-01,992,33
2020-01-01,992,33
2020-01-01,993,33
2020-02-01,993,33
2020-01-01,994,33
2020-02-01,994,33
2020-02-01,995,33
2020-01-01,995,33
2020-02-01,996,33
2020-01-01,996,33
2020-02-01,997,33
2020-01-01,997,33
2020-02-01,998,33
2020-01-01,998,33
2020-02-01,999,33
2020-01-01,999,33
2020-01-01,1000,33
2020-02-01,1000,33
2020-01-01,1001,33
2020-02-01,1001,33
2020-02-01,1002,33
2020-01-01,1002,33
2020-01-01,1003,33
2020-02-01,1003,33
2020-01-01,1004,33
2020-01-01,1006,33
2020-02-01,1006,33
2020-01-01,1007,33
2020-02-01,1011,33
2020-02-01,1012,33
2020-02-01,1013,33
2020-02-01,1015,33
2020-01-01,1016,33
2020-02-01,1023,33
2020-01-01,1027,33
2020-01-01,1029,33
2020-01-01,1035,33
2020-02-01,1035,33
2020-02-01,1037,33
2020-02-01,1039,33
2020-02-01,1042,33
2020-02-01,1044,33
2020-01-01,1046,33
2020-02-01,1047,33
2020-01-01,1048,33
2020-01-01,1050,33
2020-02-01,1055,33
2020-02-01,1056,33
2020-01-01,1056,33
2020-01-01,1060,33
2020-01-01,1061,33
2020-02-01,1063,33
2020-02-01,1065,33
2020-01-01,1065,33
2020-02-01,1067,33
2020-02-01,1072,33
2020-01-01,1072,33
2020-01-01,1073,33
2020-02-01,1073,33
2020-02-01,1077,33
2020-01-01,1077,33
2020-01-01,1079,33
2020-01-01,1081,33
2020-02-01,1082,33
2020-01-01,1082,33
2020-02-01,1085,33
2020-01-01,1088,33
2020-02-01,1088,33
2020-02-01,1091,33
2020-01-01,1091,33
2020-02-01,1094,33
2020-02-01,1096,33
2020-02-01,1097,33
2020-01-01,1097,33
2020-01-01,1098,33
2020-02-01,1098,33
2020-02-01,1099,33
2020-01-01,1099,33
2020-01-01,1100,33
2020-02-01,1100,33
2020-01-01,1102,33
2020-02-01,1102,33
2020-01-01,1103,33
2020-02-01,1103,33
2020-01-01,1104,33
2020-02-01,1104,33
2020-02-01,1105,33
2020-01-01,1105,33
2020-02-01,1106,33
2020-01-01,1106,33
2020-02-01,1107,33
2020-01-01,1107,33
2020-01-01,1108,33
2020-02-01,1108,33
2020-01-01,1109,33
2020-02-01,1109,33
2020-01-01,1110,33
2020-02-01,1110,33
2020-01-01,1112,33
2020-02-01,1112,33
2020-01-01,1113,33
2020-02-01,1113,33
2020-01-01,1115,33
2020-02-01,1115,33
2020-02-01,1116,33
2020-01-01,1116,33
2020-01-01,1117,33
2020-02-01,1117,33
2020-01-01,1118,33
2020-02-01,1118,33
2020-01-01,1119,33
2020-02-01,1119,33
2020-01-01,1120,33
2020-02-01,1120,33
2020-02-01,1121,33
2020-01-01,1121,33
2020-02-01,1122,33
2020-01-01,1122,33
2020-01-01,1123,33
2020-02-01,1123,33
2020-02-01,1124,33
2020-01-01,1124,33
2020-01-01,1125,33
2020-02-01,1125,33
2020-02-01,1126,33
2020-01-01,1126,33
2020-01-01,1127,33
2020-02-01,1127,33
2020-01-01,1128,33
2020-02-01,1128,33
2020-02-01,1129,33
2020-01-01,1129,33
2020-02-01,1130,33
2020-01-01,1130,33
2020-02-01,1131,33
2020-01-01,1131,33
2020-02-01,1132,33
2020-01-01,1132,33
2020-02-01,1133,33
2020-01-01,1133,33
2020-01-01,1134,33
2020-02-01,1134,33
2020-01-01,1135,33
2020-02-01,1135,33
2020-01-01,1136,33
2020-02-01,1136,33
2020-01-01,1137,33
2020-02-01,1137,33
2020-01-01,1139,33
2020-02-01,1139,33
2020-02-01,1140,33
2020-01-01,1140,33
2020-01-01,1141,33
2020-02-01,1141,33
2020-02-01,1142,33
2020-01-01,1142,33
2020-02-01,1143,33
2020-01-01,1143,33
2020-01-01,1144,33
2020-02-01,1144,33
2020-01-01,1145,33
2020-02-01,1145,33
2020-02-01,1146,33
2020-01-01,1146,33
2020-02-01,1147,33
2020-01-01,1147,33
2020-01-01,1148,33
2020-02-01,1148,33
2020-01-01,1149,33
2020-02-01,1149,33
2020-01-01,1150,33
2020-02-01,1150,33
2020-02-01,1151,33
2020-01-01,1151,33
2020-02-01,1152,33
2020-01-01,1152,33
2020-02-01,1153,33
2020-01-01,1153,33
2020-01-01,1154,33
2020-02-01,1154,33
2020-01-01,1155,33
2020-02-01,1155,33
2020-01-01,1156,33
2020-02-01,1156,33
2020-01-01,1157,33
2020-02-01,1157,33
2020-02-01,1158,33
2020-01-01,1158,33
2020-02-01,1159,33
2020-01-01,1159,33
2020-01-01,1160,33
2020-02-01,1161,33
2020-01-01,1161,33
2020-01-01,1162,33
2020-02-01,1162,33
2020-02-01,1163,33
2020-01-01,1163,33
2020-02-01,1164,33
2020-01-01,1164,33
2020-01-01,1165,33
2020-02-01,1165,33
2020-01-01,1166,33
2020-02-01,1166,33
2020-01-01,1167,33
2020-02-01,1167,33
2020-01-01,1168,33
2020-02-01,1168,33
2020-01-01,1169,33
2020-02-01,1169,33
2020-01-01,1171,33
2020-02-01,1171,33
2020-01-01,1172,33
2020-02-01,1172,33
2020-01-01,1174,33
2020-02-01,1174,33
2020-01-01,1175,33
2020-02-01,1175,33
2020-02-01,1176,33
2020-01-01,1176,33
2020-01-01,1177,33
2020-02-01,1177,33
2020-02-01,1178,33
2020-01-01,1178,33
2020-02-01,1179,33
2020-01-01,1179,33
2020-01-01,1180,33
2020-02-01,1180,33
2020-02-01,1182,33
2020-01-01,1182,33
2020-02-01,1183,33
2020-01-01,1183,33
2020-02-01,1185,33
2020-01-01,1185,33
2020-02-01,1186,33
2020-01-01,1186,33
2020-02-01,1187,33
2020-01-01,1187,33
2020-01-01,1188,33
2020-02-01,1188,33
2020-02-01,1189,33
2020-01-01,1189,33
2020-02-01,1190,33
2020-01-01,1190,33
2020-02-01,1191,33
2020-01-01,1191,33
2020-02-01,1192,33
2020-01-01,1192,33
2020-02-01,1193,33
2020-01-01,1193,33
2020-02-01,1194,33
2020-01-01,1194,33
2020-02-01,1195,33
2020-01-01,1195,33
2020-01-01,1196,33
2020-02-01,1196,33
2020-02-01,1197,33
2020-01-01,1197,33
2020-02-01,1198,33
2020-01-01,1198,33
2020-02-01,1200,33
2020-01-01,1200,33
2020-02-01,1201,33
2020-01-01,1201,33
2020-01-01,1202,33
2020-02-01,1202,33
2020-02-01,1203,33
2020-01-01,1203,33
2020-01-01,1205,33
2020-02-01,1205,33
2020-02-01,1207,33
2020-01-01,1207,33
2020-02-01,1209,33
2020-01-01,1209,33
2020-02-01,1211,33
2020-01-01,1211,33
2020-02-01,1213,33
2020-01-01,1215,33
2020-02-01,1215,33
2020-01-01,1217,33
2020-02-01,1217,33
2020-02-01,1218,33
2020-01-01,1218,33
2020-02-01,1219,33
2020-01-01,1219,33
2020-01-01,1221,33
2020-02-01,1221,33
2020-01-01,1223,33
2020-02-01,1225,33
2020-01-01,1225,33
2020-01-01,1229,33
2020-02-01,1230,33
2020-01-01,1230,33
2020-02-01,1232,33
2020-01-01,1232,33
2020-01-01,1233,33
2020-01-01,1234,33
2020-02-01,1234,33
2020-02-01,1236,33
2020-01-01,1236,33
2020-02-01,1238,33
2020-01-01,1238,33
2020-01-01,1240,33
2020-02-01,1240,33
2020-02-01,1243,33
2020-01-01,1243,33
2020-01-01,1245,33
2020-02-01,1245,33
2020-02-01,1247,33
2020-01-01,1247,33
2020-02-01,1248,33
2020-02-01,1249,33
2020-01-01,1249,33
2020-01-01,1250,33
2020-02-01,1250,33
2020-01-01,1251,33
2020-02-01,1251,33
2020-01-01,1252,33
2020-02-01,1252,33
2020-01-01,1253,33
2020-02-01,1253,33
2020-02-01,1254,33
2020-01-01,1254,33
2020-01-01,1255,33
2020-02-01,1255,33
2020-01-01,1256,33
2020-02-01,1256,33
2020-01-01,1257,33
2020-02-01,1257,33
2020-02-01,1258,33
2020-01-01,1258,33
2020-01-01,1259,33
2020-02-01,1259,33
2020-02-01,1260,33
2020-01-01,1260,33
2020-02-01,1261,33
2020-01-01,1261,33
2020-01-01,1262,33
2020-02-01,1262,33
2020-01-01,1263,33
2020-02-01,1263,33
2020-02-01,1264,33
2020-01-01,1264,33
2020-02-01,1265,33
2020-01-01,1265,33
2020-02-01,1266,33
2020-01-01,1266,33
2020-01-01,1267,33
2020-02-01,1267,33
2020-02-01,1268,33
2020-01-01,1268,33
2020-01-01,1269,33
2020-02-01,1269,33
2020-01-01,1270,33
2020-02-01,1270,33
2020-02-01,1271,33
2020-01-01,1271,33
2020-02-01,1272,33
2020-01-01,1272,33
2020-02-01,1273,33
2020-01-01,1273,33
2020-01-01,1274,33
2020-02-01,1274,33
2020-01-01,1275,33
2020-02-01,1275,33
2020-02-01,1276,33
2020-01-01,1276,33
2020-02-01,1277,33
2020-01-01,1277,33
2020-02-01,1278,33
2020-01-01,1278,33
2020-01-01,1279,33
2020-01-01,1280,33
2020-02-01,1280,33
2020-01-01,1281,33
2020-02-01,1281,33
2020-01-01,1282,33
2020-02-01,1282,33
2020-01-01,1283,33
2020-02-01,1283,33
2020-01-01,1284,33
2020-02-01,1284,33
2020-02-01,1285,33
2020-01-01,1285,33
2020-02-01,1286,33
2020-01-01,1286,33
2020-02-01,1287,33
2020-01-01,1287,33
2020-01-01,1288,33
2020-02-01,1288,33
2020-02-01,1289,33
2020-01-01,1289,33
2020-01-01,1290,33
2020-02-01,1290,33
2020-01-01,1291,33
2020-02-01,1291,33
2020-02-01,1292,33
2020-01-01,1292,33
2020-02-01,1293,33
2020-01-01,1293,33
2020-01-01,1294,33
2020-02-01,1294,33
2020-02-01,1295,33
2020-01-01,1295,33
2020-01-01,1296,33
2020-02-01,1296,33
2020-01-01,1297,33
2020-02-01,1297,33
2020-01-01,1298,33
2020-02-01,1298,33
2020-01-01,1299,33
2020-02-01,1300,33
2020-01-01,1300,33
2020-01-01,1301,33
2020-02-01,1301,33
2020-01-01,1302,33
2020-02-01,1302,33
2020-01-01,1303,33
2020-02-01,1303,33
2020-01-01,1304,33
2020-02-01,1304,33
2020-01-01,1305,33
2020-02-01,1305,33
2020-01-01,1306,33
2020-01-01,1307,33
2020-02-01,1307,33
2020-02-01,1308,33
2020-01-01,1308,33
2020-01-01,1309,33
2020-02-01,1309,33
2020-01-01,1310,33
2020-02-01,1310,33
2020-02-01,1311,33
2020-01-01,1311,33
2020-02-01,1312,33
2020-01-01,1312,33
2020-02-01,1313,33
2020-01-01,1313,33
2020-02-01,1314,33
2020-01-01,1314,33
2020-01-01,1315,33
2020-02-01,1315,33
2020-02-01,1316,33
2020-01-01,1316,33
2020-02-01,1317,33
2020-01-01,1317,33
2020-01-01,1318,33
2020-02-01,1318,33
2020-01-01,1320,33
2020-02-01,1320,33
2020-01-01,1321,33
2020-02-01,1321,33
2020-01-01,1322,33
2020-02-01,1322,33
2020-01-01,1323,33
2020-02-01,1323,33
2020-01-01,1324,33
2020-02-01,1324,33
2020-01-01,1325,33
2020-02-01,1325,33
2020-02-01,1326,33
2020-01-01,1326,33
2020-01-01,1327,33
2020-02-01,1327,33
2020-01-01,1328,33
2020-02-01,1328,33
2020-01-01,1329,33
2020-02-01,1329,33
2020-02-01,1330,33
2020-01-01,1330,33
2020-01-01,1331,33
2020-02-01,1332,33
2020-01-01,1332,33
2020-02-01,1333,33
2020-01-01,1333,33
2020-01-01,1334,33
2020-02-01,1334,33
2020-02-01,1335,33
2020-01-01,1335,33
2020-02-01,1336,33
2020-01-01,1336,33
2020-02-01,1338,33
2020-01-01,1338,33
2020-02-01,1339,33
2020-01-01,1339,33
2020-02-01,1340,33
2020-01-01,1340,33
2020-01-01,1341,33
2020-02-01,1341,33
2020-01-01,1342,33
2020-02-01,1342,33
2020-01-01,1343,33
2020-02-01,1343,33
2020-02-01,1344,33
2020-01-01,1344,33
2020-01-01,1345,33
2020-02-01,1345,33
2020-01-01,1346,33
2020-02-01,1346,33
2020-01-01,1347,33
2020-02-01,1347,33
2020-01-01,1348,33
2020-02-01,1348,33
2020-02-01,1349,33
2020-01-01,1349,33
2020-01-01,1350,33
2020-02-01,1350,33
2020-02-01,1351,33
2020-01-01,1351,33
2020-01-01,1352,33
2020-02-01,1352,33
2020-02-01,1353,33
2020-01-01,1353,33
2020-02-01,1354,33
2020-01-01,1354,33
2020-02-01,1355,33
2020-01-01,1355,33
2020-02-01,1356,33
2020-01-01,1356,33
2020-02-01,1357,33
2020-01-01,1357,33
2020-02-01,1358,33
2020-01-01,1358,33
2020-02-01,1359,33
2020-01-01,1359,33
2020-02-01,1360,33
2020-01-01,1360,33
2020-02-01,1361,33
2020-01-01,1361,33
2020-02-01,1362,33
2020-01-01,1362,33
2020-02-01,1363,33
2020-01-01,1363,33
2020-02-01,1364,33
2020-01-01,1364,33
2020-02-01,1365,33
2020-01-01,1365,33
2020-02-01,1366,33
2020-01-01,1366,33
2020-02-01,1367,33
2020-01-01,1367,33
2020-02-01,1368,33
2020-01-01,1368,33
2020-02-01,1370,33
2020-01-01,1370,33
2020-01-01,1371,33
2020-02-01,1371,33
2020-01-01,1372,33
2020-01-01,1373,33
2020-02-01,1373,33
2020-02-01,1374,33
2020-01-01,1374,33
2020-02-01,1375,33
2020-01-01,1375,33
2020-02-01,1376,33
2020-01-01,1376,33
2020-01-01,1377,33
2020-02-01,1377,33
2020-02-01,1379,33
2020-01-01,1379,33
2020-01-01,1380,33
2020-02-01,1380,33
2020-02-01,1382,33
2020-01-01,1382,33
2020-02-01,1383,33
2020-01-01,1383,33
2020-02-01,1385,33
2020-01-01,1385,33
2020-01-01,1386,33
2020-02-01,1386,33
2020-02-01,1387,33
2020-01-01,1387,33
2020-02-01,1388,33
2020-01-01,1388,33
2020-01-01,1389,33
2020-02-01,1389,33
2020-02-01,1391,33
2020-01-01,1391,33
2020-01-01,1392,33
2020-02-01,1392,33
2020-02-01,1394,33
2020-01-01,1394,33
2020-02-01,1395,33
2020-01-01,1395,33
2020-02-01,1396,33
2020-01-01,1396,33
2020-02-01,1397,33
2020-01-01,1397,33
2020-01-01,1398,33
2020-02-01,1398,33
2020-01-01,1400,33
2020-02-01,1400,33
2020-02-01,1401,33
2020-01-01,1401,33
2020-02-01,1403,33
2020-01-01,1403,33
2020-02-01,1404,33
2020-01-01,1404,33
2020-01-01,1405,33
2020-02-01,1405,33
2020-02-01,1406,33
2020-01-01,1406,33
2020-02-01,1409,33
2020-01-01,1411,33
2020-02-01,1411,33
2020-02-01,1422,33
2020-01-01,1423,33
2020-01-01,1424,33
2020-02-01,1425,33
2020-01-01,1425,33
2020-02-01,1433,33
2020-01-01,1433,33
2020-01-01,1439,33
2020-01-01,1441,33
2020-02-01,1441,33
2020-02-01,1445,33
2020-01-01,1445,33
2020-02-01,1449,33
2020-01-01,1452,33
2020-02-01,1452,33
2020-02-01,1455,33
2020-02-01,1458,33
2020-01-01,1458,33
2020-01-01,1459,33
2020-01-01,1460,33
2020-02-01,1460,33
2020-01-01,1461,33
2020-02-01,1461,33
2020-02-01,1462,33
2020-01-01,1462,33
2020-02-01,1463,33
2020-01-01,1465,33
2020-01-01,1467,33
2020-02-01,1467,33
2020-02-01,1468,33
2020-01-01,1469,33
2020-02-01,1469,33
2020-02-01,1470,33
2020-01-01,1471,33
2020-01-01,1472,33
2020-02-01,1472,33
2020-01-01,1476,33
2020-02-01,1476,33
2020-02-01,1477,33
2020-01-01,1477,33
2020-02-01,1478,33
2020-01-01,1478,33
2020-01-01,1479,33
2020-02-01,1480,33
2020-01-01,1481,33
2020-02-01,1481,33
2020-01-01,1483,33
2020-02-01,1483,33
2020-01-01,1485,33
2020-02-01,1485,33
2020-01-01,1486,33
2020-02-01,1486,33
2020-01-01,1488,33
2020-02-01,1488,33
2020-01-01,1489,33
2020-02-01,1489,33
2020-02-01,1490,33
2020-02-01,1492,33
2020-01-01,1493,33
2020-02-01,1493,33
2020-02-01,1495,33
2020-01-01,1495,33
2020-02-01,1498,33
2020-01-01,1498,33
2020-02-01,1499,33
2020-01-01,1499,33
2020-02-01,1500,33
2020-01-01,1500,33
2020-02-01,1501,33
2020-01-01,1501,33
2020-02-01,1502,33
2020-01-01,1502,33
2020-01-01,1503,33
2020-02-01,1503,33
2020-02-01,1504,33
2020-01-01,1504,33
2020-01-01,1505,33
2020-02-01,1505,33
2020-01-01,1506,33
2020-02-01,1506,33
2020-02-01,1507,33
2020-01-01,1507,33
2020-01-01,1508,33
2020-02-01,1508,33
2020-01-01,1509,33
2020-02-01,1509,33
2020-01-01,1510,33
2020-02-01,1510,33
2020-02-01,1512,33
2020-01-01,1512,33
2020-02-01,1513,33
2020-01-01,1513,33
2020-02-01,1514,33
2020-01-01,1514,33
2020-01-01,1564,33
2020-01-01,1567,33
2020-01-01,1569,33
2020-01-01,1575,33
2020-01-01,1577,33
2020-01-01,1585,33
2020-02-01,1585,33
2020-02-01,1586,33
2020-01-01,1586,33
2020-01-01,1587,33
2020-02-01,1587,33
2020-02-01,1588,33
2020-01-01,1588,33
2020-01-01,1589,33
2020-01-01,1590,33
2020-02-01,1590,33
2020-02-01,1591,33
2020-01-01,1591,33
2020-01-01,1592,33
2020-02-01,1592,33
2020-01-01,1593,33
2020-02-01,1593,33
2020-01-01,1594,33
2020-02-01,1594,33
2020-01-01,1595,33
2020-02-01,1595,33
2020-01-01,1596,33
2020-02-01,1596,33
2020-01-01,1597,33
2020-02-01,1597,33
2020-01-01,1598,33
2020-02-01,1598,33
2020-02-01,1599,33
2020-01-01,1599,33
2020-02-01,1600,33
2020-01-01,1600,33
2020-01-01,1601,33
2020-02-01,1601,33
2020-01-01,1602,33
2020-02-01,1602,33
2020-01-01,1603,33
2020-02-01,1603,33
2020-01-01,1604,33
2020-02-01,1604,33
2020-01-01,1605,33
2020-02-01,1605,33
2020-02-01,1606,33
2020-01-01,1606,33
2020-02-01,1607,33
2020-01-01,1607,33
2020-01-01,1608,33
2020-02-01,1608,33
2020-02-01,1609,33
2020-01-01,1609,33
2020-02-01,1611,33
2020-01-01,1611,33
2020-01-01,1612,33
2020-02-01,1612,33
2020-01-01,1613,33
2020-02-01,1613,33
2020-02-01,1614,33
2020-01-01,1614,33
2020-02-01,1615,33
2020-01-01,1615,33
2020-01-01,1616,33
2020-02-01,1616,33
2020-01-01,1617,33
2020-02-01,1617,33
2020-01-01,1618,33
2020-02-01,1618,33
2020-02-01,1619,33
2020-01-01,1619,33
2020-02-01,1621,33
2020-01-01,1621,33
2020-01-01,1622,33
2020-02-01,1622,33
2020-01-01,1623,33
2020-02-01,1623,33
2020-01-01,1624,33
2020-02-01,1624,33
2020-02-01,1625,33
2020-01-01,1625,33
2020-01-01,1626,33
2020-02-01,1626,33
2020-01-01,1627,33
2020-02-01,1627,33
2020-01-01,1628,33
2020-01-01,1629,33
2020-02-01,1629,33
2020-01-01,1630,33
2020-02-01,1630,33
2020-01-01,1631,33
2020-02-01,1631,33
2020-01-01,1632,33
2020-02-01,1632,33
2020-01-01,1633,33
2020-02-01,1633,33
2020-01-01,1634,33
2020-02-01,1634,33
2020-01-01,1635,33
2020-02-01,1635,33
2020-01-01,1636,33
2020-02-01,1636,33
2020-01-01,1637,33
2020-01-01,1638,33
2020-02-01,1638,33
2020-02-01,1639,33
2020-01-01,1639,33
2020-02-01,1640,33
2020-01-01,1640,33
2020-02-01,1641,33
2020-01-01,1641,33
2020-01-01,1642,33
2020-02-01,1642,33
2020-02-01,1643,33
2020-01-01,1643,33
2020-02-01,1644,33
2020-01-01,1644,33
2020-02-01,1645,33
2020-01-01,1646,33
2020-02-01,1646,33
2020-02-01,1647,33
2020-02-01,1648,33
2020-01-01,1648,33
2020-02-01,1649,33
2020-01-01,1649,33
2020-02-01,1650,33
2020-01-01,1650,33
2020-02-01,1651,33
2020-01-01,1651,33
2020-02-01,1652,33
2020-01-01,1652,33
2020-01-01,1653,33
2020-02-01,1653,33
2020-02-01,1654,33
2020-01-01,1654,33
2020-01-01,1655,33
2020-02-01,1655,33
2020-01-01,1656,33
2020-02-01,1656,33
2020-02-01,1657,33
2020-01-01,1657,33
2020-02-01,1659,33
2020-01-01,1659,33
2020-02-01,1660,33
2020-01-01,1660,33
2020-01-01,1661,33
2020-02-01,1661,33
2020-02-01,1662,33
2020-01-01,1662,33
2020-01-01,1663,33
2020-02-01,1663,33
2020-02-01,1664,33
2020-01-01,1664,33
2020-01-01,1665,33
2020-02-01,1665,33
2020-01-01,1666,33
2020-02-01,1666,33
2020-01-01,1667,33
2020-02-01,1667,33
2020-01-01,1669,33
2020-02-01,1669,33
2020-01-01,1670,33
2020-02-01,1670,33
2020-01-01,1671,33
2020-02-01,1671,33
2020-02-01,1672,33
2020-01-01,1672,33
2020-01-01,1673,33
2020-02-01,1673,33
2020-02-01,1674,33
2020-01-01,1674,33
2020-02-01,1675,33
2020-01-01,1675,33
2020-01-01,1676,33
2020-02-01,1677,33
2020-01-01,1677,33
2020-01-01,1678,33
2020-02-01,1678,33
2020-01-01,1679,33
2020-02-01,1679,33
2020-01-01,1680,33
2020-02-01,1680,33
2020-01-01,1681,33
2020-02-01,1681,33
2020-01-01,1682,33
2020-02-01,1682,33
2020-01-01,1683,33
2020-02-01,1683,33
2020-01-01,1684,33
2020-02-01,1684,33
2020-01-01,1685,33
2020-02-01,1685,33
2020-01-01,1686,33
2020-02-01,1686,33
2020-01-01,1687,33
2020-02-01,1687,33
2020-01-01,1688,33
2020-02-01,1688,33
2020-02-01,1689,33
2020-01-01,1689,33
2020-02-01,1690,33
2020-01-01,1690,33
2020-01-01,1691,33
2020-02-01,1691,33
2020-02-01,1692,33
2020-01-01,1692,33
2020-02-01,1693,33
2020-01-01,1693,33
2020-01-01,1694,33
2020-02-01,1694,33
2020-01-01,1695,33
2020-02-01,1695,33
2020-02-01,1696,33
2020-01-01,1696,33
2020-01-01,1697,33
2020-02-01,1697,33
2020-01-01,1698,33
2020-02-01,1698,33
2020-02-01,1699,33
2020-01-01,1699,33
2020-02-01,1700,33
2020-01-01,1700,33
2020-02-01,1701,33
2020-01-01,1701,33
2020-01-01,1702,33
2020-02-01,1702,33
2020-02-01,1703,33
2020-01-01,1703,33
2020-02-01,1704,33
2020-01-01,1704,33
2020-01-01,1705,33
2020-02-01,1705,33
2020-02-01,1706,33
2020-01-01,1706,33
2020-02-01,1707,33
2020-01-01,1707,33
2020-02-01,1708,33
2020-01-01,1708,33
2020-02-01,1709,33
2020-01-01,1709,33
2020-02-01,1710,33
2020-01-01,1710,33
2020-02-01,1711,33
2020-01-01,1711,33
2020-01-01,1712,33
2020-02-01,1712,33
2020-02-01,1713,33
2020-01-01,1713,33
2020-01-01,1714,33
2020-02-01,1714,33
2020-02-01,1715,33
2020-01-01,1715,33
2020-01-01,1716,33
2020-02-01,1716,33
2020-01-01,1718,33
2020-02-01,1718,33
2020-02-01,1719,33
2020-01-01,1719,33
2020-02-01,1720,33
2020-01-01,1720,33
2020-01-01,1721,33
2020-02-01,1721,33
2020-01-01,1722,33
2020-02-01,1722,33
2020-02-01,1723,33
2020-01-01,1723,33
2020-02-01,1724,33
2020-01-01,1724,33
2020-02-01,1725,33
2020-01-01,1725,33
2020-01-01,1726,33
2020-02-01,1726,33
2020-02-01,1727,33
2020-01-01,1727,33
2020-01-01,1728,33
2020-02-01,1728,33
2020-01-01,1729,33
2020-02-01,1729,33
2020-01-01,1730,33
2020-02-01,1730,33
2020-01-01,1731,33
2020-02-01,1731,33
2020-01-01,1732,33
2020-02-01,1732,33
2020-01-01,1733,33
2020-02-01,1733,33
2020-01-01,1734,33
2020-02-01,1734,33
2020-02-01,1735,33
2020-01-01,1735,33
2020-02-01,1736,33
2020-01-01,1736,33
2020-01-01,1737,33
2020-02-01,1737,33
2020-02-01,1738,33
2020-01-01,1739,33
2020-02-01,1739,33
2020-01-01,1740,33
2020-01-01,1741,33
2020-02-01,1741,33
2020-01-01,1743,33
2020-02-01,1743,33
2020-01-01,1744,33
2020-02-01,1744,33
2020-01-01,1746,33
2020-02-01,1746,33
2020-02-01,1747,33
2020-02-01,1749,33
2020-01-01,1749,33
2020-02-01,1750,33
2020-01-01,1750,33
2020-02-01,1751,33
2020-01-01,1751,33
2020-02-01,1753,33
2020-01-01,1753,33
2020-01-01,1754,33
2020-02-01,1755,33
2020-01-01,1755,33
2020-02-01,1757,33
2020-01-01,1757,33
2020-02-01,1758,33
2020-02-01,1759,33
2020-01-01,1763,33
2020-02-01,1763,33
2020-02-01,1764,33
2020-01-01,1764,33
2020-02-01,1765,33
2020-01-01,1765,33
2020-01-01,1767,33
2020-02-01,1767,33
2020-02-01,1768,33
2020-01-01,1768,33
2020-01-01,1769,33
2020-02-01,1769,33
2020-01-01,1770,33
2020-02-01,1772,33
2020-01-01,1773,33
2020-01-01,1774,33
2020-01-01,1775,33
2020-02-01,1775,33
2020-02-01,1776,33
2020-01-01,1776,33
2020-02-01,1777,33
2020-01-01,1777,33
2020-02-01,1778,33
2020-02-01,1779,33
2020-02-01,1780,33
2020-01-01,1780,33
2020-01-01,1781,33
2020-02-01,1781,33
2020-02-01,1782,33
2020-02-01,1783,33
2020-01-01,1783,33
2020-02-01,1787,33
2020-01-01,1787,33
2020-01-01,1794,33
2020-01-01,1799,33
2020-01-01,1801,33
2020-01-01,1806,33
2020-02-01,1807,33
2020-01-01,1807,33
2020-02-01,1808,33
2020-02-01,1810,33
2020-02-01,1811,33
2020-02-01,1814,33
2020-02-01,1815,33
2020-01-01,1815,33
2020-01-01,1816,33
2020-02-01,1818,33
2020-01-01,1818,33
2020-01-01,1822,33
2020-01-01,1825,33
2020-02-01,1825,33
2020-02-01,1827,33
2020-02-01,1829,33
2020-02-01,1831,33
2020-02-01,1835,33
2020-02-01,1836,33
2020-01-01,1836,33
2020-02-01,1837,33
2020-01-01,1837,33
2020-02-01,1838,33
2020-01-01,1838,33
2020-02-01,1840,33
2020-01-01,1840,33
2020-02-01,1841,33
2020-01-01,1841,33
2020-02-01,1842,33
2020-01-01,1842,33
2020-02-01,1843,33
2020-01-01,1843,33
2020-01-01,1844,33
2020-02-01,1844,33
2020-01-01,1845,33
2020-02-01,1845,33
2020-02-01,1846,33
2020-01-01,1846,33
2020-02-01,1847,33
2020-01-01,1847,33
2020-02-01,1848,33
2020-01-01,1848,33
2020-01-01,1849,33
2020-02-01,1849,33
2020-01-01,1850,33
2020-02-01,1850,33
2020-01-01,1851,33
2020-02-01,1851,33
2020-02-01,1852,33
2020-01-01,1852,33
2020-01-01,1853,33
2020-02-01,1853,33
2020-01-01,1854,33
2020-02-01,1854,33
2020-02-01,1855,33
2020-01-01,1855,33
2020-01-01,1856,33
2020-02-01,1856,33
2020-02-01,1857,33
2020-01-01,1857,33
2020-01-01,1858,33
2020-02-01,1858,33
2020-01-01,1859,33
2020-02-01,1859,33
2020-01-01,1860,33
2020-02-01,1860,33
2020-02-01,1861,33
2020-01-01,1861,33
2020-01-01,1862,33
2020-02-01,1862,33
2020-01-01,1863,33
2020-02-01,1863,33
2020-01-01,1864,33
2020-02-01,1864,33
2020-02-01,1865,33
2020-01-01,1865,33
2020-01-01,1866,33
2020-02-01,1866,33
2020-01-01,1867,33
2020-02-01,1867,33
2020-01-01,1868,33
2020-02-01,1868,33
2020-02-01,1869,33
2020-01-01,1869,33
2020-01-01,1870,33
2020-02-01,1870,33
2020-01-01,1871,33
2020-02-01,1871,33
2020-01-01,1872,33
2020-02-01,1872,33
2020-01-01,1873,33
2020-02-01,1873,33
2020-01-01,1874,33
2020-02-01,1874,33
2020-01-01,1876,33
2020-02-01,1876,33
2020-01-01,1877,33
2020-02-01,1877,33
2020-01-01,1878,33
2020-02-01,1878,33
2020-02-01,1879,33
2020-01-01,1879,33
2020-01-01,1880,33
2020-02-01,1880,33
2020-01-01,1881,33
2020-02-01,1881,33
2020-01-01,1882,33
2020-02-01,1882,33
2020-02-01,1883,33
2020-01-01,1883,33
2020-01-01,1884,33
2020-02-01,1884,33
2020-02-01,1885,33
2020-01-01,1885,33
2020-02-01,1886,33
2020-01-01,1886,33
2020-02-01,1887,33
2020-01-01,1887,33
2020-02-01,1888,33
2020-01-01,1888,33
2020-02-01,1889,33
2020-01-01,1889,33
2020-02-01,1890,33
2020-01-01,1890,33
2020-02-01,1891,33
2020-01-01,1891,33
2020-02-01,1892,33
2020-01-01,1892,33
2020-02-01,1894,33
2020-01-01,1894,33
2020-02-01,1895,33
2020-01-01,1895,33
2020-02-01,1897,33
2020-01-01,1897,33
2020-01-01,1898,33
2020-02-01,1898,33
2020-02-01,1900,33
2020-01-01,1900,33
2020-02-01,1901,33
2020-01-01,1901,33
2020-01-01,1902,33
2020-02-01,1902,33
2020-02-01,1903,33
2020-01-01,1903,33
2020-01-01,1904,33
2020-02-01,1904,33
2020-01-01,1905,33
2020-02-01,1905,33
2020-01-01,1907,33
2020-02-01,1907,33
2020-02-01,1908,33
2020-01-01,1908,33
2020-01-01,1909,33
2020-02-01,1909,33
2020-02-01,1910,33
2020-01-01,1910,33
2020-01-01,1911,33
2020-02-01,1911,33
2020-02-01,1912,33
2020-01-01,1912,33
2020-01-01,1913,33
2020-02-01,1913,33
2020-01-01,1914,33
2020-02-01,1914,33
2020-02-01,1915,33
2020-01-01,1915,33
2020-01-01,1916,33
2020-02-01,1916,33
2020-02-01,1917,33
2020-01-01,1917,33
2020-02-01,1918,33
2020-01-01,1918,33
2020-02-01,1919,33
2020-01-01,1919,33
2020-02-01,1920,33
2020-01-01,1920,33
2020-02-01,1921,33
2020-01-01,1921,33
2020-01-01,1922,33
2020-02-01,1922,33
2020-01-01,1923,33
2020-02-01,1923,33
2020-01-01,1924,33
2020-02-01,1924,33
2020-01-01,1925,33
2020-02-01,1925,33
2020-01-01,1926,33
2020-02-01,1926,33
2020-01-01,1927,33
2020-02-01,1927,33
2020-02-01,1928,33
2020-01-01,1928,33
2020-02-01,1929,33
2020-01-01,1929,33
2020-02-01,1930,33
2020-01-01,1930,33
2020-01-01,1931,33
2020-02-01,1931,33
2020-01-01,1933,33
2020-02-01,1933,33
2020-01-01,1934,33
2020-02-01,1934,33
2020-01-01,1935,33
2020-02-01,1935,33
2020-01-01,1936,33
2020-02-01,1936,33
2020-02-01,1937,33
2020-01-01,1937,33
2020-01-01,1938,33
2020-02-01,1938,33
2020-02-01,1939,33
2020-01-01,1939,33
2020-02-01,1940,33
2020-01-01,1940,33
2020-02-01,1941,33
2020-01-01,1941,33
2020-01-01,1942,33
2020-02-01,1942,33
2020-01-01,1943,33
2020-02-01,1943,33
2020-01-01,1944,33
2020-02-01,1944,33
2020-01-01,1945,33
2020-02-01,1945,33
2020-01-01,1946,33
2020-02-01,1946,33
2020-01-01,1947,33
2020-02-01,1947,33
2020-01-01,1948,33
2020-02-01,1948,33
2020-01-01,1949,33
2020-02-01,1949,33
