Secondary_Sales_Quantity_Invoiced,DATE,SKU Code,CFA Code,Channel,Quantity,SKU Combination
502,2020-01-01,2,16,2,2,128
641,2020-01-01,8,0,1,2,0
303,2020-01-01,8,0,2,2,1
-30,2020-01-01,8,1,2,2,3
87,2020-01-01,8,2,2,2,5
171,2020-01-01,8,3,2,2,6
-79,2020-01-01,8,4,2,2,7
-93,2020-01-01,8,5,1,2,8
82,2020-01-01,8,5,2,2,9
-55,2020-01-01,8,6,1,2,10
9,2020-01-01,8,6,2,2,11
-29,2020-01-01,8,7,1,2,12
0,2020-01-01,8,7,2,2,13
4,2020-01-01,8,8,2,2,14
10,2020-01-01,8,9,1,2,15
17,2020-01-01,8,9,2,2,16
22,2020-01-01,8,10,1,2,17
26,2020-01-01,8,10,2,2,18
29,2020-01-01,8,11,1,2,19
30,2020-01-01,8,11,2,2,20
31,2020-01-01,8,12,1,2,21
32,2020-01-01,8,12,2,2,22
32,2020-01-01,8,13,2,2,23
33,2020-01-01,8,14,2,2,25
33,2020-01-01,8,15,2,2,27
33,2020-01-01,8,16,2,2,29
33,2020-01-01,8,17,1,2,30
33,2020-01-01,8,17,2,2,31
33,2020-01-01,8,18,0,2,32
33,2020-01-01,8,18,1,2,33
33,2020-01-01,8,18,2,2,34
33,2020-01-01,8,19,2,2,36
33,2020-01-01,8,20,1,2,37
33,2020-01-01,8,20,2,2,38
33,2020-01-01,8,21,1,2,39
33,2020-01-01,8,21,2,2,40
33,2020-01-01,9,0,0,10,41
33,2020-01-01,9,0,1,10,42
33,2020-01-01,9,0,2,10,43
33,2020-01-01,9,1,2,10,45
33,2020-01-01,9,2,2,10,48
33,2020-01-01,9,4,2,10,52
33,2020-01-01,9,5,0,10,53
33,2020-01-01,9,5,1,10,54
33,2020-01-01,9,5,2,10,55
33,2020-01-01,9,6,2,10,57
33,2020-01-01,9,7,0,10,58
33,2020-01-01,9,7,1,10,59
33,2020-01-01,9,7,2,10,60
33,2020-01-01,9,8,2,10,62
33,2020-01-01,9,10,2,10,66
33,2020-01-01,9,11,0,10,67
33,2020-01-01,9,11,2,10,69
33,2020-01-01,9,12,1,10,71
33,2020-01-01,9,12,2,10,72
33,2020-01-01,9,13,2,10,74
33,2020-01-01,9,14,1,10,75
33,2020-01-01,9,14,2,10,76
33,2020-01-01,9,15,2,10,78
33,2020-01-01,9,16,1,10,80
33,2020-01-01,9,16,2,10,81
33,2020-01-01,9,17,1,10,83
33,2020-01-01,9,17,2,10,84
33,2020-01-01,9,18,1,10,86
33,2020-01-01,9,18,2,10,87
33,2020-01-01,9,20,1,10,92
33,2020-01-01,9,20,2,10,93
33,2020-01-01,9,21,2,10,96
33,2020-01-01,11,0,2,6,142
33,2020-01-01,11,1,2,6,144
33,2020-01-01,11,2,2,6,146
33,2020-01-01,11,7,1,6,156
33,2020-01-01,11,7,2,6,157
33,2020-01-01,11,8,2,6,159
33,2020-01-01,11,9,2,6,161
33,2020-01-01,11,11,2,6,165
33,2020-01-01,11,12,1,6,167
33,2020-01-01,11,12,2,6,168
33,2020-01-01,11,15,2,6,174
33,2020-01-01,11,16,1,6,175
33,2020-01-01,11,16,2,6,176
33,2020-01-01,11,17,2,6,178
33,2020-01-01,11,21,2,6,188
33,2020-01-01,12,0,2,6,190
33,2020-01-01,12,1,2,6,192
33,2020-01-01,12,2,2,6,193
33,2020-01-01,12,7,2,6,203
33,2020-01-01,12,9,2,6,207
33,2020-01-01,12,10,2,6,209
33,2020-01-01,12,11,2,6,211
33,2020-01-01,12,12,1,6,212
33,2020-01-01,12,12,2,6,213
33,2020-01-01,12,13,2,6,215
33,2020-01-01,12,15,2,6,217
33,2020-01-01,12,16,2,6,219
33,2020-01-01,12,17,1,6,220
33,2020-01-01,12,17,2,6,221
33,2020-01-01,12,20,2,6,227
33,2020-01-01,12,21,2,6,229
33,2020-01-01,13,0,0,6,230
33,2020-01-01,13,0,1,6,231
33,2020-01-01,13,0,2,6,232
33,2020-01-01,13,1,1,6,234
33,2020-01-01,13,1,2,6,235
33,2020-01-01,13,2,0,6,236
33,2020-01-01,13,2,1,6,237
33,2020-01-01,13,2,2,6,238
33,2020-01-01,13,3,1,6,239
33,2020-01-01,13,3,2,6,240
33,2020-01-01,13,4,1,6,241
33,2020-01-01,13,4,2,6,242
33,2020-01-01,13,5,1,6,243
33,2020-01-01,13,5,2,6,244
33,2020-01-01,13,6,1,6,246
33,2020-01-01,13,6,2,6,247
33,2020-01-01,13,7,0,6,248
33,2020-01-01,13,7,1,6,249
33,2020-01-01,13,7,2,6,250
33,2020-01-01,13,8,1,6,251
33,2020-01-01,13,8,2,6,252
33,2020-01-01,13,9,1,6,253
33,2020-01-01,13,9,2,6,254
33,2020-01-01,13,10,1,6,255
33,2020-01-01,13,10,2,6,256
33,2020-01-01,13,11,0,6,257
33,2020-01-01,13,11,1,6,258
33,2020-01-01,13,11,2,6,259
33,2020-01-01,13,12,0,6,260
33,2020-01-01,13,12,1,6,261
33,2020-01-01,13,12,2,6,262
33,2020-01-01,13,13,2,6,264
33,2020-01-01,13,14,1,6,265
33,2020-01-01,13,14,2,6,266
33,2020-01-01,13,15,1,6,267
33,2020-01-01,13,15,2,6,268
33,2020-01-01,13,16,1,6,270
33,2020-01-01,13,16,2,6,271
33,2020-01-01,13,17,0,6,272
33,2020-01-01,13,17,1,6,273
33,2020-01-01,13,17,2,6,274
33,2020-01-01,13,18,0,6,275
33,2020-01-01,13,18,1,6,276
33,2020-01-01,13,18,2,6,277
33,2020-01-01,13,19,0,6,278
33,2020-01-01,13,19,1,6,279
33,2020-01-01,13,19,2,6,280
33,2020-01-01,13,20,0,6,281
33,2020-01-01,13,20,1,6,282
33,2020-01-01,13,20,2,6,283
33,2020-01-01,13,21,0,6,284
33,2020-01-01,13,21,1,6,285
33,2020-01-01,13,21,2,6,286
33,2020-01-01,14,0,1,6,287
33,2020-01-01,14,0,2,6,288
33,2020-01-01,14,1,1,6,290
33,2020-01-01,14,1,2,6,291
33,2020-01-01,14,2,1,6,293
33,2020-01-01,14,2,2,6,294
33,2020-01-01,14,3,1,6,295
33,2020-01-01,14,3,2,6,296
33,2020-01-01,14,4,1,6,297
33,2020-01-01,14,4,2,6,298
33,2020-01-01,14,5,1,6,299
33,2020-01-01,14,5,2,6,300
33,2020-01-01,14,6,1,6,301
33,2020-01-01,14,6,2,6,302
33,2020-01-01,14,7,0,6,303
33,2020-01-01,14,7,1,6,304
33,2020-01-01,14,7,2,6,305
33,2020-01-01,14,8,1,6,306
33,2020-01-01,14,8,2,6,307
33,2020-01-01,14,9,1,6,308
33,2020-01-01,14,9,2,6,309
33,2020-01-01,14,10,1,6,310
33,2020-01-01,14,10,2,6,311
33,2020-01-01,14,11,0,6,312
33,2020-01-01,14,11,1,6,313
33,2020-01-01,14,11,2,6,314
33,2020-01-01,14,12,0,6,315
33,2020-01-01,14,12,1,6,316
33,2020-01-01,14,12,2,6,317
33,2020-01-01,14,13,1,6,318
33,2020-01-01,14,13,2,6,319
33,2020-01-01,14,14,1,6,320
33,2020-01-01,14,14,2,6,321
33,2020-01-01,14,15,1,6,322
33,2020-01-01,14,15,2,6,323
33,2020-01-01,14,16,1,6,325
33,2020-01-01,14,16,2,6,326
33,2020-01-01,14,17,0,6,327
33,2020-01-01,14,17,1,6,328
33,2020-01-01,14,17,2,6,329
33,2020-01-01,14,18,0,6,330
33,2020-01-01,14,18,1,6,331
33,2020-01-01,14,18,2,6,332
33,2020-01-01,14,19,0,6,333
33,2020-01-01,14,19,1,6,334
33,2020-01-01,14,19,2,6,335
33,2020-01-01,14,20,0,6,336
33,2020-01-01,14,20,1,6,337
33,2020-01-01,14,20,2,6,338
33,2020-01-01,14,21,1,6,340
33,2020-01-01,14,21,2,6,341
33,2020-01-01,15,0,1,6,342
33,2020-01-01,15,0,2,6,343
33,2020-01-01,15,1,1,6,345
33,2020-01-01,15,1,2,6,346
33,2020-01-01,15,2,1,6,348
33,2020-01-01,15,2,2,6,349
33,2020-01-01,15,3,1,6,350
33,2020-01-01,15,3,2,6,351
33,2020-01-01,15,4,1,6,352
33,2020-01-01,15,4,2,6,353
33,2020-01-01,15,5,1,6,354
33,2020-01-01,15,5,2,6,355
33,2020-01-01,15,6,1,6,356
33,2020-01-01,15,6,2,6,357
33,2020-01-01,15,7,0,6,358
33,2020-01-01,15,7,1,6,359
33,2020-01-01,15,7,2,6,360
33,2020-01-01,15,8,1,6,361
33,2020-01-01,15,8,2,6,362
33,2020-01-01,15,9,1,6,363
33,2020-01-01,15,9,2,6,364
33,2020-01-01,15,10,1,6,365
33,2020-01-01,15,10,2,6,366
33,2020-01-01,15,11,0,6,367
33,2020-01-01,15,11,1,6,368
33,2020-01-01,15,11,2,6,369
33,2020-01-01,15,12,0,6,370
33,2020-01-01,15,12,1,6,371
33,2020-01-01,15,12,2,6,372
33,2020-01-01,15,13,2,6,374
33,2020-01-01,15,14,1,6,375
33,2020-01-01,15,14,2,6,376
33,2020-01-01,15,15,1,6,377
33,2020-01-01,15,15,2,6,378
33,2020-01-01,15,16,1,6,380
33,2020-01-01,15,16,2,6,381
33,2020-01-01,15,17,0,6,382
33,2020-01-01,15,17,1,6,383
33,2020-01-01,15,17,2,6,384
33,2020-01-01,15,18,0,6,385
33,2020-01-01,15,18,1,6,386
33,2020-01-01,15,18,2,6,387
33,2020-01-01,15,19,0,6,388
33,2020-01-01,15,19,1,6,389
33,2020-01-01,15,19,2,6,390
33,2020-01-01,15,20,0,6,391
33,2020-01-01,15,20,1,6,392
33,2020-01-01,15,20,2,6,393
33,2020-01-01,15,21,0,6,394
33,2020-01-01,15,21,1,6,395
33,2020-01-01,15,21,2,6,396
33,2020-01-01,16,0,2,6,398
33,2020-01-01,16,1,2,6,401
33,2020-01-01,16,2,2,6,404
33,2020-01-01,16,3,2,6,406
33,2020-01-01,16,4,2,6,408
33,2020-01-01,16,5,1,6,409
33,2020-01-01,16,5,2,6,410
33,2020-01-01,16,7,1,6,414
33,2020-01-01,16,7,2,6,415
33,2020-01-01,16,8,2,6,417
33,2020-01-01,16,9,2,6,419
33,2020-01-01,16,10,2,6,421
33,2020-01-01,16,11,2,6,424
33,2020-01-01,16,12,1,6,426
33,2020-01-01,16,12,2,6,427
33,2020-01-01,16,13,2,6,429
33,2020-01-01,16,14,2,6,431
33,2020-01-01,16,15,1,6,432
33,2020-01-01,16,15,2,6,433
33,2020-01-01,16,16,1,6,434
33,2020-01-01,16,16,2,6,435
33,2020-01-01,16,17,1,6,437
33,2020-01-01,16,17,2,6,438
33,2020-01-01,16,18,2,6,441
33,2020-01-01,16,19,1,6,443
33,2020-01-01,16,19,2,6,444
33,2020-01-01,16,20,2,6,447
33,2020-01-01,16,21,2,6,450
33,2020-01-01,17,0,2,6,452
33,2020-01-01,17,1,1,6,454
33,2020-01-01,17,1,2,6,455
33,2020-01-01,17,2,2,6,458
33,2020-01-01,17,3,2,6,460
33,2020-01-01,17,4,1,6,461
33,2020-01-01,17,4,2,6,462
33,2020-01-01,17,5,2,6,464
33,2020-01-01,17,6,2,6,466
33,2020-01-01,17,7,0,6,467
33,2020-01-01,17,7,1,6,468
33,2020-01-01,17,7,2,6,469
33,2020-01-01,17,8,1,6,470
33,2020-01-01,17,8,2,6,471
33,2020-01-01,17,9,1,6,472
33,2020-01-01,17,9,2,6,473
33,2020-01-01,17,10,1,6,474
33,2020-01-01,17,10,2,6,475
33,2020-01-01,17,11,1,6,477
33,2020-01-01,17,11,2,6,478
33,2020-01-01,17,12,1,6,480
33,2020-01-01,17,12,2,6,481
33,2020-01-01,17,13,2,6,483
33,2020-01-01,17,14,1,6,484
33,2020-01-01,17,14,2,6,485
33,2020-01-01,17,15,1,6,486
33,2020-01-01,17,15,2,6,487
33,2020-01-01,17,16,1,6,489
33,2020-01-01,17,16,2,6,490
33,2020-01-01,17,17,1,6,492
33,2020-01-01,17,17,2,6,493
33,2020-01-01,17,18,0,6,494
33,2020-01-01,17,18,1,6,495
33,2020-01-01,17,18,2,6,496
33,2020-01-01,17,19,1,6,498
33,2020-01-01,17,19,2,6,499
33,2020-01-01,17,20,1,6,501
33,2020-01-01,17,20,2,6,502
33,2020-01-01,17,21,1,6,504
33,2020-01-01,17,21,2,6,505
33,2020-01-01,18,0,0,3,506
33,2020-01-01,18,0,1,3,507
33,2020-01-01,18,0,2,3,508
33,2020-01-01,18,1,1,3,510
33,2020-01-01,18,1,2,3,511
33,2020-01-01,18,2,0,3,512
33,2020-01-01,18,2,1,3,513
33,2020-01-01,18,2,2,3,514
33,2020-01-01,18,3,1,3,515
33,2020-01-01,18,3,2,3,516
33,2020-01-01,18,4,1,3,517
33,2020-01-01,18,4,2,3,518
33,2020-01-01,18,5,0,3,519
33,2020-01-01,18,5,1,3,520
33,2020-01-01,18,5,2,3,521
33,2020-01-01,18,6,1,3,522
33,2020-01-01,18,7,0,3,524
33,2020-01-01,18,7,1,3,525
33,2020-01-01,18,7,2,3,526
33,2020-01-01,18,8,1,3,527
33,2020-01-01,18,9,1,3,529
33,2020-01-01,18,10,1,3,531
33,2020-01-01,18,10,2,3,532
33,2020-01-01,18,11,0,3,533
33,2020-01-01,18,11,1,3,534
33,2020-01-01,18,11,2,3,535
33,2020-01-01,18,12,0,3,536
33,2020-01-01,18,12,1,3,537
33,2020-01-01,18,12,2,3,538
33,2020-01-01,18,13,2,3,540
33,2020-01-01,18,14,1,3,541
33,2020-01-01,18,14,2,3,542
33,2020-01-01,18,15,1,3,543
33,2020-01-01,18,15,2,3,544
33,2020-01-01,18,16,1,3,546
33,2020-01-01,18,16,2,3,547
33,2020-01-01,18,17,0,3,548
33,2020-01-01,18,17,1,3,549
33,2020-01-01,18,17,2,3,550
33,2020-01-01,18,18,0,3,551
33,2020-01-01,18,18,1,3,552
33,2020-01-01,18,18,2,3,553
33,2020-01-01,18,19,0,3,554
33,2020-01-01,18,19,1,3,555
33,2020-01-01,18,19,2,3,556
33,2020-01-01,18,20,0,3,557
33,2020-01-01,18,20,1,3,558
33,2020-01-01,18,20,2,3,559
33,2020-01-01,18,21,0,3,560
33,2020-01-01,18,21,1,3,561
33,2020-01-01,18,21,2,3,562
33,2020-01-01,19,0,2,7,563
33,2020-01-01,19,1,2,7,565
33,2020-01-01,19,2,2,7,566
33,2020-01-01,19,7,1,7,572
33,2020-01-01,19,7,2,7,573
33,2020-01-01,19,9,2,7,575
33,2020-01-01,19,12,1,7,580
33,2020-01-01,19,12,2,7,581
33,2020-01-01,20,0,1,4,595
33,2020-01-01,20,0,2,4,596
33,2020-01-01,20,1,1,4,597
33,2020-01-01,20,1,2,4,598
33,2020-01-01,20,2,1,4,599
33,2020-01-01,20,2,2,4,600
33,2020-01-01,20,3,1,4,601
33,2020-01-01,20,3,2,4,602
33,2020-01-01,20,4,1,4,603
33,2020-01-01,20,4,2,4,604
33,2020-01-01,20,5,1,4,605
33,2020-01-01,20,5,2,4,606
33,2020-01-01,20,6,1,4,607
33,2020-01-01,20,6,2,4,608
33,2020-01-01,20,7,0,4,609
33,2020-01-01,20,7,1,4,610
33,2020-01-01,20,7,2,4,611
33,2020-01-01,20,8,2,4,613
33,2020-01-01,20,9,1,4,614
33,2020-01-01,20,9,2,4,615
33,2020-01-01,20,10,1,4,616
33,2020-01-01,20,10,2,4,617
33,2020-01-01,20,11,0,4,618
33,2020-01-01,20,11,1,4,619
33,2020-01-01,20,11,2,4,620
33,2020-01-01,20,12,0,4,621
33,2020-01-01,20,12,1,4,622
33,2020-01-01,20,12,2,4,623
33,2020-01-01,20,13,2,4,625
33,2020-01-01,20,14,1,4,626
33,2020-01-01,20,14,2,4,627
33,2020-01-01,20,15,1,4,628
33,2020-01-01,20,15,2,4,629
33,2020-01-01,20,16,1,4,631
33,2020-01-01,20,16,2,4,632
33,2020-01-01,20,17,0,4,633
33,2020-01-01,20,17,1,4,634
33,2020-01-01,20,17,2,4,635
33,2020-01-01,20,18,0,4,636
33,2020-01-01,20,18,1,4,637
33,2020-01-01,20,18,2,4,638
33,2020-01-01,20,19,0,4,639
33,2020-01-01,20,19,1,4,640
33,2020-01-01,20,19,2,4,641
33,2020-01-01,20,20,0,4,642
33,2020-01-01,20,20,1,4,643
33,2020-01-01,20,20,2,4,644
33,2020-01-01,20,21,0,4,645
33,2020-01-01,20,21,1,4,646
33,2020-01-01,20,21,2,4,647
33,2020-01-01,21,0,0,4,648
33,2020-01-01,21,0,1,4,649
33,2020-01-01,21,0,2,4,650
33,2020-01-01,21,1,1,4,652
33,2020-01-01,21,1,2,4,653
33,2020-01-01,21,2,0,4,654
33,2020-01-01,21,2,1,4,655
33,2020-01-01,21,2,2,4,656
33,2020-01-01,21,3,1,4,657
33,2020-01-01,21,3,2,4,658
33,2020-01-01,21,4,1,4,659
33,2020-01-01,21,4,2,4,660
33,2020-01-01,21,5,1,4,661
33,2020-01-01,21,5,2,4,662
33,2020-01-01,21,6,1,4,664
33,2020-01-01,21,6,2,4,665
33,2020-01-01,21,7,0,4,666
33,2020-01-01,21,7,1,4,667
33,2020-01-01,21,7,2,4,668
33,2020-01-01,21,8,1,4,669
33,2020-01-01,21,8,2,4,670
33,2020-01-01,21,9,1,4,671
33,2020-01-01,21,9,2,4,672
33,2020-01-01,21,10,1,4,673
33,2020-01-01,21,10,2,4,674
33,2020-01-01,21,11,0,4,675
33,2020-01-01,21,11,1,4,676
33,2020-01-01,21,11,2,4,677
33,2020-01-01,21,12,0,4,678
33,2020-01-01,21,12,1,4,679
33,2020-01-01,21,12,2,4,680
33,2020-01-01,21,13,1,4,681
33,2020-01-01,21,13,2,4,682
33,2020-01-01,21,14,1,4,683
33,2020-01-01,21,14,2,4,684
33,2020-01-01,21,15,1,4,685
33,2020-01-01,21,15,2,4,686
33,2020-01-01,21,16,1,4,688
33,2020-01-01,21,16,2,4,689
33,2020-01-01,21,17,0,4,690
33,2020-01-01,21,17,1,4,691
33,2020-01-01,21,17,2,4,692
33,2020-01-01,21,18,0,4,693
33,2020-01-01,21,18,1,4,694
33,2020-01-01,21,18,2,4,695
33,2020-01-01,21,19,0,4,696
33,2020-01-01,21,19,1,4,697
33,2020-01-01,21,19,2,4,698
33,2020-01-01,21,20,0,4,699
33,2020-01-01,21,20,1,4,700
33,2020-01-01,21,20,2,4,701
33,2020-01-01,21,21,0,4,702
33,2020-01-01,21,21,1,4,703
33,2020-01-01,21,21,2,4,704
33,2020-01-01,22,1,2,4,708
33,2020-01-01,22,2,2,4,710
33,2020-01-01,22,7,2,4,720
33,2020-01-01,22,8,2,4,722
33,2020-01-01,22,10,2,4,726
33,2020-01-01,22,12,1,4,729
33,2020-01-01,22,12,2,4,730
33,2020-01-01,22,15,1,4,735
33,2020-01-01,22,16,2,4,738
33,2020-01-01,22,17,1,4,739
33,2020-01-01,22,17,2,4,740
33,2020-01-01,23,0,1,4,751
33,2020-01-01,23,0,2,4,752
33,2020-01-01,23,1,1,4,754
33,2020-01-01,23,1,2,4,755
33,2020-01-01,23,2,1,4,757
33,2020-01-01,23,2,2,4,758
33,2020-01-01,23,3,1,4,759
33,2020-01-01,23,3,2,4,760
33,2020-01-01,23,4,1,4,761
33,2020-01-01,23,4,2,4,762
33,2020-01-01,23,5,1,4,763
33,2020-01-01,23,5,2,4,764
33,2020-01-01,23,6,1,4,765
33,2020-01-01,23,6,2,4,766
33,2020-01-01,23,7,0,4,767
33,2020-01-01,23,7,1,4,768
33,2020-01-01,23,7,2,4,769
33,2020-01-01,23,8,1,4,770
33,2020-01-01,23,8,2,4,771
33,2020-01-01,23,9,1,4,772
33,2020-01-01,23,9,2,4,773
33,2020-01-01,23,10,1,4,774
33,2020-01-01,23,10,2,4,775
33,2020-01-01,23,11,0,4,776
33,2020-01-01,23,11,1,4,777
33,2020-01-01,23,11,2,4,778
33,2020-01-01,23,12,0,4,779
33,2020-01-01,23,12,1,4,780
33,2020-01-01,23,12,2,4,781
33,2020-01-01,23,13,1,4,782
33,2020-01-01,23,13,2,4,783
33,2020-01-01,23,14,1,4,784
33,2020-01-01,23,14,2,4,785
33,2020-01-01,23,15,1,4,786
33,2020-01-01,23,15,2,4,787
33,2020-01-01,23,16,1,4,789
33,2020-01-01,23,16,2,4,790
33,2020-01-01,23,17,0,4,791
33,2020-01-01,23,17,1,4,792
33,2020-01-01,23,17,2,4,793
33,2020-01-01,23,18,0,4,794
33,2020-01-01,23,18,1,4,795
33,2020-01-01,23,18,2,4,796
33,2020-01-01,23,19,0,4,797
33,2020-01-01,23,19,1,4,798
33,2020-01-01,23,19,2,4,799
33,2020-01-01,23,20,0,4,800
33,2020-01-01,23,20,1,4,801
33,2020-01-01,23,20,2,4,802
33,2020-01-01,23,21,0,4,803
33,2020-01-01,23,21,1,4,804
33,2020-01-01,23,21,2,4,805
33,2020-01-01,24,0,2,4,807
33,2020-01-01,24,1,1,4,808
33,2020-01-01,24,1,2,4,809
33,2020-01-01,24,2,1,4,810
33,2020-01-01,24,2,2,4,811
33,2020-01-01,24,4,1,4,814
33,2020-01-01,24,4,2,4,815
33,2020-01-01,24,5,1,4,816
33,2020-01-01,24,5,2,4,817
33,2020-01-01,24,6,1,4,818
33,2020-01-01,24,6,2,4,819
33,2020-01-01,24,7,0,4,820
33,2020-01-01,24,7,1,4,821
33,2020-01-01,24,7,2,4,822
33,2020-01-01,24,8,1,4,823
33,2020-01-01,24,8,2,4,824
33,2020-01-01,24,9,1,4,825
33,2020-01-01,24,9,2,4,826
33,2020-01-01,24,10,1,4,827
33,2020-01-01,24,10,2,4,828
33,2020-01-01,24,11,0,4,829
33,2020-01-01,24,11,1,4,830
33,2020-01-01,24,11,2,4,831
33,2020-01-01,24,12,1,4,833
33,2020-01-01,24,12,2,4,834
33,2020-01-01,24,13,1,4,835
33,2020-01-01,24,13,2,4,836
33,2020-01-01,24,14,1,4,837
33,2020-01-01,24,14,2,4,838
33,2020-01-01,24,15,1,4,839
33,2020-01-01,24,15,2,4,840
33,2020-01-01,24,16,1,4,842
33,2020-01-01,24,16,2,4,843
33,2020-01-01,24,17,1,4,845
33,2020-01-01,24,17,2,4,846
33,2020-01-01,24,18,0,4,847
33,2020-01-01,24,18,1,4,848
33,2020-01-01,24,18,2,4,849
33,2020-01-01,24,19,0,4,850
33,2020-01-01,24,19,1,4,851
33,2020-01-01,24,19,2,4,852
33,2020-01-01,24,20,1,4,854
33,2020-01-01,24,20,2,4,855
33,2020-01-01,24,21,2,4,858
33,2020-01-01,25,1,2,4,861
33,2020-01-01,25,2,2,4,863
33,2020-01-01,25,7,2,4,870
33,2020-01-01,25,12,2,4,880
33,2020-01-01,25,15,2,4,885
33,2020-01-01,25,16,2,4,887
33,2020-01-01,25,20,2,4,894
33,2020-01-01,26,1,2,4,900
33,2020-01-01,26,2,2,4,902
33,2020-01-01,26,3,1,4,903
33,2020-01-01,26,3,2,4,904
33,2020-01-01,26,4,2,4,906
33,2020-01-01,26,5,2,4,908
33,2020-01-01,26,6,2,4,910
33,2020-01-01,26,7,1,4,912
33,2020-01-01,26,7,2,4,913
33,2020-01-01,26,8,2,4,915
33,2020-01-01,26,9,2,4,917
33,2020-01-01,26,10,2,4,919
33,2020-01-01,26,12,1,4,924
33,2020-01-01,26,12,2,4,925
33,2020-01-01,26,13,2,4,927
33,2020-01-01,26,14,2,4,929
33,2020-01-01,26,15,1,4,930
33,2020-01-01,26,15,2,4,931
33,2020-01-01,26,16,2,4,933
33,2020-01-01,26,17,1,4,934
33,2020-01-01,26,17,2,4,935
33,2020-01-01,26,19,2,4,940
33,2020-01-01,26,20,2,4,943
33,2020-01-01,26,21,1,4,945
33,2020-01-01,26,21,2,4,946
33,2020-01-01,27,0,0,9,947
33,2020-01-01,27,0,1,9,948
33,2020-01-01,27,0,2,9,949
33,2020-01-01,27,1,1,9,951
33,2020-01-01,27,1,2,9,952
33,2020-01-01,27,2,0,9,953
33,2020-01-01,27,2,1,9,954
33,2020-01-01,27,2,2,9,955
33,2020-01-01,27,3,1,9,956
33,2020-01-01,27,3,2,9,957
33,2020-01-01,27,4,1,9,958
33,2020-01-01,27,4,2,9,959
33,2020-01-01,27,5,1,9,961
33,2020-01-01,27,5,2,9,962
33,2020-01-01,27,6,1,9,963
33,2020-01-01,27,6,2,9,964
33,2020-01-01,27,7,0,9,965
33,2020-01-01,27,7,1,9,966
33,2020-01-01,27,7,2,9,967
33,2020-01-01,27,8,1,9,968
33,2020-01-01,27,8,2,9,969
33,2020-01-01,27,9,1,9,970
33,2020-01-01,27,9,2,9,971
33,2020-01-01,27,10,1,9,972
33,2020-01-01,27,10,2,9,973
33,2020-01-01,27,11,0,9,974
33,2020-01-01,27,11,1,9,975
33,2020-01-01,27,11,2,9,976
33,2020-01-01,27,12,0,9,977
33,2020-01-01,27,12,1,9,978
33,2020-01-01,27,12,2,9,979
33,2020-01-01,27,13,1,9,980
33,2020-01-01,27,13,2,9,981
33,2020-01-01,27,14,1,9,982
33,2020-01-01,27,14,2,9,983
33,2020-01-01,27,15,1,9,984
33,2020-01-01,27,15,2,9,985
33,2020-01-01,27,16,0,9,986
33,2020-01-01,27,16,1,9,987
33,2020-01-01,27,16,2,9,988
33,2020-01-01,27,17,0,9,989
33,2020-01-01,27,17,1,9,990
33,2020-01-01,27,17,2,9,991
33,2020-01-01,27,18,0,9,992
33,2020-01-01,27,18,1,9,993
33,2020-01-01,27,18,2,9,994
33,2020-01-01,27,19,0,9,995
33,2020-01-01,27,19,1,9,996
33,2020-01-01,27,19,2,9,997
33,2020-01-01,27,20,0,9,998
33,2020-01-01,27,20,1,9,999
33,2020-01-01,27,20,2,9,1000
33,2020-01-01,27,21,0,9,1001
33,2020-01-01,27,21,1,9,1002
33,2020-01-01,27,21,2,9,1003
33,2020-01-01,28,0,2,9,1004
33,2020-01-01,28,1,2,9,1006
33,2020-01-01,28,2,2,9,1007
33,2020-01-01,28,7,1,9,1016
33,2020-01-01,28,12,2,9,1027
33,2020-01-01,28,13,2,9,1029
33,2020-01-01,28,17,2,9,1035
33,2020-01-01,29,0,2,9,1046
33,2020-01-01,29,1,2,9,1048
33,2020-01-01,29,2,2,9,1050
33,2020-01-01,29,5,2,9,1056
33,2020-01-01,29,7,1,9,1060
33,2020-01-01,29,7,2,9,1061
33,2020-01-01,29,9,2,9,1065
33,2020-01-01,29,12,1,9,1072
33,2020-01-01,29,12,2,9,1073
33,2020-01-01,29,14,2,9,1077
33,2020-01-01,29,15,2,9,1079
33,2020-01-01,29,16,1,9,1081
33,2020-01-01,29,16,2,9,1082
33,2020-01-01,29,18,2,9,1088
33,2020-01-01,29,19,2,9,1091
33,2020-01-01,29,21,2,9,1097
33,2020-01-01,30,0,0,9,1098
33,2020-01-01,30,0,1,9,1099
33,2020-01-01,30,0,2,9,1100
33,2020-01-01,30,1,1,9,1102
33,2020-01-01,30,1,2,9,1103
33,2020-01-01,30,2,0,9,1104
33,2020-01-01,30,2,1,9,1105
33,2020-01-01,30,2,2,9,1106
33,2020-01-01,30,3,1,9,1107
33,2020-01-01,30,3,2,9,1108
33,2020-01-01,30,4,1,9,1109
33,2020-01-01,30,4,2,9,1110
33,2020-01-01,30,5,1,9,1112
33,2020-01-01,30,5,2,9,1113
33,2020-01-01,30,6,1,9,1115
33,2020-01-01,30,6,2,9,1116
33,2020-01-01,30,7,0,9,1117
33,2020-01-01,30,7,1,9,1118
33,2020-01-01,30,7,2,9,1119
33,2020-01-01,30,8,1,9,1120
33,2020-01-01,30,8,2,9,1121
33,2020-01-01,30,9,1,9,1122
33,2020-01-01,30,9,2,9,1123
33,2020-01-01,30,10,1,9,1124
33,2020-01-01,30,10,2,9,1125
33,2020-01-01,30,11,0,9,1126
33,2020-01-01,30,11,1,9,1127
33,2020-01-01,30,11,2,9,1128
33,2020-01-01,30,12,0,9,1129
33,2020-01-01,30,12,1,9,1130
33,2020-01-01,30,12,2,9,1131
33,2020-01-01,30,13,1,9,1132
33,2020-01-01,30,13,2,9,1133
33,2020-01-01,30,14,1,9,1134
33,2020-01-01,30,14,2,9,1135
33,2020-01-01,30,15,1,9,1136
33,2020-01-01,30,15,2,9,1137
33,2020-01-01,30,16,1,9,1139
33,2020-01-01,30,16,2,9,1140
33,2020-01-01,30,17,0,9,1141
33,2020-01-01,30,17,1,9,1142
33,2020-01-01,30,17,2,9,1143
33,2020-01-01,30,18,0,9,1144
33,2020-01-01,30,18,1,9,1145
33,2020-01-01,30,18,2,9,1146
33,2020-01-01,30,19,0,9,1147
33,2020-01-01,30,19,1,9,1148
33,2020-01-01,30,19,2,9,1149
33,2020-01-01,30,20,0,9,1150
33,2020-01-01,30,20,1,9,1151
33,2020-01-01,30,20,2,9,1152
33,2020-01-01,30,21,0,9,1153
33,2020-01-01,30,21,1,9,1154
33,2020-01-01,30,21,2,9,1155
33,2020-01-01,31,0,1,0,1156
33,2020-01-01,31,0,2,0,1157
33,2020-01-01,31,1,1,0,1158
33,2020-01-01,31,1,2,0,1159
33,2020-01-01,31,2,1,0,1160
33,2020-01-01,31,2,2,0,1161
33,2020-01-01,31,3,1,0,1162
33,2020-01-01,31,3,2,0,1163
33,2020-01-01,31,4,1,0,1164
33,2020-01-01,31,4,2,0,1165
33,2020-01-01,31,5,1,0,1166
33,2020-01-01,31,5,2,0,1167
33,2020-01-01,31,6,1,0,1168
33,2020-01-01,31,6,2,0,1169
33,2020-01-01,31,7,1,0,1171
33,2020-01-01,31,7,2,0,1172
33,2020-01-01,31,8,2,0,1174
33,2020-01-01,31,9,1,0,1175
33,2020-01-01,31,9,2,0,1176
33,2020-01-01,31,10,1,0,1177
33,2020-01-01,31,10,2,0,1178
33,2020-01-01,31,11,1,0,1179
33,2020-01-01,31,11,2,0,1180
33,2020-01-01,31,12,1,0,1182
33,2020-01-01,31,12,2,0,1183
33,2020-01-01,31,13,2,0,1185
33,2020-01-01,31,14,1,0,1186
33,2020-01-01,31,14,2,0,1187
33,2020-01-01,31,15,1,0,1188
33,2020-01-01,31,15,2,0,1189
33,2020-01-01,31,16,1,0,1190
33,2020-01-01,31,16,2,0,1191
33,2020-01-01,31,17,1,0,1192
33,2020-01-01,31,17,2,0,1193
33,2020-01-01,31,18,0,0,1194
33,2020-01-01,31,18,1,0,1195
33,2020-01-01,31,18,2,0,1196
33,2020-01-01,31,19,1,0,1197
33,2020-01-01,31,19,2,0,1198
33,2020-01-01,31,20,1,0,1200
33,2020-01-01,31,20,2,0,1201
33,2020-01-01,31,21,1,0,1202
33,2020-01-01,31,21,2,0,1203
33,2020-01-01,32,0,2,0,1205
33,2020-01-01,32,1,2,0,1207
33,2020-01-01,32,2,2,0,1209
33,2020-01-01,32,3,2,0,1211
33,2020-01-01,32,5,2,0,1215
33,2020-01-01,32,6,2,0,1217
33,2020-01-01,32,7,1,0,1218
33,2020-01-01,32,7,2,0,1219
33,2020-01-01,32,8,2,0,1221
33,2020-01-01,32,9,2,0,1223
33,2020-01-01,32,10,2,0,1225
33,2020-01-01,32,12,1,0,1229
33,2020-01-01,32,12,2,0,1230
33,2020-01-01,32,13,2,0,1232
33,2020-01-01,32,14,1,0,1233
33,2020-01-01,32,14,2,0,1234
33,2020-01-01,32,15,2,0,1236
33,2020-01-01,32,16,2,0,1238
33,2020-01-01,32,17,2,0,1240
33,2020-01-01,32,18,2,0,1243
33,2020-01-01,32,19,2,0,1245
33,2020-01-01,32,20,2,0,1247
33,2020-01-01,32,21,2,0,1249
33,2020-01-01,33,0,1,6,1250
33,2020-01-01,33,0,2,6,1251
33,2020-01-01,33,1,1,6,1252
33,2020-01-01,33,1,2,6,1253
33,2020-01-01,33,2,1,6,1254
33,2020-01-01,33,2,2,6,1255
33,2020-01-01,33,3,1,6,1256
33,2020-01-01,33,3,2,6,1257
33,2020-01-01,33,4,1,6,1258
33,2020-01-01,33,4,2,6,1259
33,2020-01-01,33,5,1,6,1260
33,2020-01-01,33,5,2,6,1261
33,2020-01-01,33,6,1,6,1262
33,2020-01-01,33,6,2,6,1263
33,2020-01-01,33,7,0,6,1264
33,2020-01-01,33,7,1,6,1265
33,2020-01-01,33,7,2,6,1266
33,2020-01-01,33,8,1,6,1267
33,2020-01-01,33,8,2,6,1268
33,2020-01-01,33,9,1,6,1269
33,2020-01-01,33,9,2,6,1270
33,2020-01-01,33,10,1,6,1271
33,2020-01-01,33,10,2,6,1272
33,2020-01-01,33,11,0,6,1273
33,2020-01-01,33,11,1,6,1274
33,2020-01-01,33,11,2,6,1275
33,2020-01-01,33,12,0,6,1276
33,2020-01-01,33,12,1,6,1277
33,2020-01-01,33,12,2,6,1278
33,2020-01-01,33,13,1,6,1279
33,2020-01-01,33,13,2,6,1280
33,2020-01-01,33,14,1,6,1281
33,2020-01-01,33,14,2,6,1282
33,2020-01-01,33,15,1,6,1283
33,2020-01-01,33,15,2,6,1284
33,2020-01-01,33,16,1,6,1285
33,2020-01-01,33,16,2,6,1286
33,2020-01-01,33,17,0,6,1287
33,2020-01-01,33,17,1,6,1288
33,2020-01-01,33,17,2,6,1289
33,2020-01-01,33,18,0,6,1290
33,2020-01-01,33,18,1,6,1291
33,2020-01-01,33,18,2,6,1292
33,2020-01-01,33,19,0,6,1293
33,2020-01-01,33,19,1,6,1294
33,2020-01-01,33,19,2,6,1295
33,2020-01-01,33,20,0,6,1296
33,2020-01-01,33,20,1,6,1297
33,2020-01-01,33,20,2,6,1298
33,2020-01-01,33,21,0,6,1299
33,2020-01-01,33,21,1,6,1300
33,2020-01-01,33,21,2,6,1301
33,2020-01-01,34,0,1,4,1302
33,2020-01-01,34,0,2,4,1303
33,2020-01-01,34,1,1,4,1304
33,2020-01-01,34,1,2,4,1305
33,2020-01-01,34,2,1,4,1306
33,2020-01-01,34,2,2,4,1307
33,2020-01-01,34,3,1,4,1308
33,2020-01-01,34,3,2,4,1309
33,2020-01-01,34,4,1,4,1310
33,2020-01-01,34,4,2,4,1311
33,2020-01-01,34,5,1,4,1312
33,2020-01-01,34,5,2,4,1313
33,2020-01-01,34,6,1,4,1314
33,2020-01-01,34,6,2,4,1315
33,2020-01-01,34,7,0,4,1316
33,2020-01-01,34,7,1,4,1317
33,2020-01-01,34,7,2,4,1318
33,2020-01-01,34,8,2,4,1320
33,2020-01-01,34,9,1,4,1321
33,2020-01-01,34,9,2,4,1322
33,2020-01-01,34,10,1,4,1323
33,2020-01-01,34,10,2,4,1324
33,2020-01-01,34,11,0,4,1325
33,2020-01-01,34,11,1,4,1326
33,2020-01-01,34,11,2,4,1327
33,2020-01-01,34,12,0,4,1328
33,2020-01-01,34,12,1,4,1329
33,2020-01-01,34,12,2,4,1330
33,2020-01-01,34,13,1,4,1331
33,2020-01-01,34,13,2,4,1332
33,2020-01-01,34,14,1,4,1333
33,2020-01-01,34,14,2,4,1334
33,2020-01-01,34,15,1,4,1335
33,2020-01-01,34,15,2,4,1336
33,2020-01-01,34,16,1,4,1338
33,2020-01-01,34,16,2,4,1339
33,2020-01-01,34,17,0,4,1340
33,2020-01-01,34,17,1,4,1341
33,2020-01-01,34,17,2,4,1342
33,2020-01-01,34,18,0,4,1343
33,2020-01-01,34,18,1,4,1344
33,2020-01-01,34,18,2,4,1345
33,2020-01-01,34,19,0,4,1346
33,2020-01-01,34,19,1,4,1347
33,2020-01-01,34,19,2,4,1348
33,2020-01-01,34,20,0,4,1349
33,2020-01-01,34,20,1,4,1350
33,2020-01-01,34,20,2,4,1351
33,2020-01-01,34,21,0,4,1352
33,2020-01-01,34,21,1,4,1353
33,2020-01-01,34,21,2,4,1354
33,2020-01-01,35,0,1,9,1355
33,2020-01-01,35,0,2,9,1356
33,2020-01-01,35,1,1,9,1357
33,2020-01-01,35,1,2,9,1358
33,2020-01-01,35,2,1,9,1359
33,2020-01-01,35,2,2,9,1360
33,2020-01-01,35,3,1,9,1361
33,2020-01-01,35,3,2,9,1362
33,2020-01-01,35,4,1,9,1363
33,2020-01-01,35,4,2,9,1364
33,2020-01-01,35,5,1,9,1365
33,2020-01-01,35,5,2,9,1366
33,2020-01-01,35,6,1,9,1367
33,2020-01-01,35,6,2,9,1368
33,2020-01-01,35,7,1,9,1370
33,2020-01-01,35,7,2,9,1371
33,2020-01-01,35,8,1,9,1372
33,2020-01-01,35,8,2,9,1373
33,2020-01-01,35,9,1,9,1374
33,2020-01-01,35,9,2,9,1375
33,2020-01-01,35,10,1,9,1376
33,2020-01-01,35,10,2,9,1377
33,2020-01-01,35,11,1,9,1379
33,2020-01-01,35,11,2,9,1380
33,2020-01-01,35,12,1,9,1382
33,2020-01-01,35,12,2,9,1383
33,2020-01-01,35,13,2,9,1385
33,2020-01-01,35,14,1,9,1386
33,2020-01-01,35,14,2,9,1387
33,2020-01-01,35,15,1,9,1388
33,2020-01-01,35,15,2,9,1389
33,2020-01-01,35,16,1,9,1391
33,2020-01-01,35,16,2,9,1392
33,2020-01-01,35,17,1,9,1394
33,2020-01-01,35,17,2,9,1395
33,2020-01-01,35,18,0,9,1396
33,2020-01-01,35,18,1,9,1397
33,2020-01-01,35,18,2,9,1398
33,2020-01-01,35,19,1,9,1400
33,2020-01-01,35,19,2,9,1401
33,2020-01-01,35,20,1,9,1403
33,2020-01-01,35,20,2,9,1404
33,2020-01-01,35,21,1,9,1405
33,2020-01-01,35,21,2,9,1406
33,2020-01-01,36,1,2,3,1411
33,2020-01-01,36,7,0,3,1423
33,2020-01-01,36,7,1,3,1424
33,2020-01-01,36,7,2,3,1425
33,2020-01-01,36,11,2,3,1433
33,2020-01-01,36,14,2,3,1439
33,2020-01-01,36,15,2,3,1441
33,2020-01-01,36,17,1,3,1445
33,2020-01-01,36,19,2,3,1452
33,2020-01-01,36,21,2,3,1458
33,2020-01-01,37,0,0,3,1459
33,2020-01-01,37,0,1,3,1460
33,2020-01-01,37,0,2,3,1461
33,2020-01-01,37,1,1,3,1462
33,2020-01-01,37,2,1,3,1465
33,2020-01-01,37,3,1,3,1467
33,2020-01-01,37,4,1,3,1469
33,2020-01-01,37,5,0,3,1471
33,2020-01-01,37,5,1,3,1472
33,2020-01-01,37,7,0,3,1476
33,2020-01-01,37,7,1,3,1477
33,2020-01-01,37,7,2,3,1478
33,2020-01-01,37,8,1,3,1479
33,2020-01-01,37,9,1,3,1481
33,2020-01-01,37,10,1,3,1483
33,2020-01-01,37,11,0,3,1485
33,2020-01-01,37,11,1,3,1486
33,2020-01-01,37,12,0,3,1488
33,2020-01-01,37,12,1,3,1489
33,2020-01-01,37,14,1,3,1493
33,2020-01-01,37,15,1,3,1495
33,2020-01-01,37,16,1,3,1498
33,2020-01-01,37,16,2,3,1499
33,2020-01-01,37,17,0,3,1500
33,2020-01-01,37,17,1,3,1501
33,2020-01-01,37,17,2,3,1502
33,2020-01-01,37,18,0,3,1503
33,2020-01-01,37,18,1,3,1504
33,2020-01-01,37,18,2,3,1505
33,2020-01-01,37,19,0,3,1506
33,2020-01-01,37,19,1,3,1507
33,2020-01-01,37,19,2,3,1508
33,2020-01-01,37,20,0,3,1509
33,2020-01-01,37,20,1,3,1510
33,2020-01-01,37,21,0,3,1512
33,2020-01-01,37,21,1,3,1513
33,2020-01-01,37,21,2,3,1514
33,2020-01-01,39,9,1,5,1564
33,2020-01-01,39,11,1,5,1567
33,2020-01-01,39,12,1,5,1569
33,2020-01-01,39,17,1,5,1575
33,2020-01-01,39,18,0,5,1577
33,2020-01-01,40,0,1,4,1585
33,2020-01-01,40,0,2,4,1586
33,2020-01-01,40,1,1,4,1587
33,2020-01-01,40,1,2,4,1588
33,2020-01-01,40,2,1,4,1589
33,2020-01-01,40,2,2,4,1590
33,2020-01-01,40,3,1,4,1591
33,2020-01-01,40,3,2,4,1592
33,2020-01-01,40,4,1,4,1593
33,2020-01-01,40,4,2,4,1594
33,2020-01-01,40,5,1,4,1595
33,2020-01-01,40,5,2,4,1596
33,2020-01-01,40,6,1,4,1597
33,2020-01-01,40,6,2,4,1598
33,2020-01-01,40,7,0,4,1599
33,2020-01-01,40,7,1,4,1600
33,2020-01-01,40,7,2,4,1601
33,2020-01-01,40,8,2,4,1602
33,2020-01-01,40,9,1,4,1603
33,2020-01-01,40,9,2,4,1604
33,2020-01-01,40,10,1,4,1605
33,2020-01-01,40,10,2,4,1606
33,2020-01-01,40,11,0,4,1607
33,2020-01-01,40,11,1,4,1608
33,2020-01-01,40,11,2,4,1609
33,2020-01-01,40,12,1,4,1611
33,2020-01-01,40,12,2,4,1612
33,2020-01-01,40,13,2,4,1613
33,2020-01-01,40,14,1,4,1614
33,2020-01-01,40,14,2,4,1615
33,2020-01-01,40,15,1,4,1616
33,2020-01-01,40,15,2,4,1617
33,2020-01-01,40,16,1,4,1618
33,2020-01-01,40,16,2,4,1619
33,2020-01-01,40,17,1,4,1621
33,2020-01-01,40,17,2,4,1622
33,2020-01-01,40,18,0,4,1623
33,2020-01-01,40,18,1,4,1624
33,2020-01-01,40,18,2,4,1625
33,2020-01-01,40,19,1,4,1626
33,2020-01-01,40,19,2,4,1627
33,2020-01-01,40,20,0,4,1628
33,2020-01-01,40,20,1,4,1629
33,2020-01-01,40,20,2,4,1630
33,2020-01-01,40,21,1,4,1631
33,2020-01-01,40,21,2,4,1632
33,2020-01-01,41,0,1,4,1633
33,2020-01-01,41,0,2,4,1634
33,2020-01-01,41,1,1,4,1635
33,2020-01-01,41,1,2,4,1636
33,2020-01-01,41,2,1,4,1637
33,2020-01-01,41,2,2,4,1638
33,2020-01-01,41,3,1,4,1639
33,2020-01-01,41,3,2,4,1640
33,2020-01-01,41,4,1,4,1641
33,2020-01-01,41,4,2,4,1642
33,2020-01-01,41,5,1,4,1643
33,2020-01-01,41,5,2,4,1644
33,2020-01-01,41,6,2,4,1646
33,2020-01-01,41,7,1,4,1648
33,2020-01-01,41,7,2,4,1649
33,2020-01-01,41,8,2,4,1650
33,2020-01-01,41,9,1,4,1651
33,2020-01-01,41,9,2,4,1652
33,2020-01-01,41,10,1,4,1653
33,2020-01-01,41,10,2,4,1654
33,2020-01-01,41,11,0,4,1655
33,2020-01-01,41,11,1,4,1656
33,2020-01-01,41,11,2,4,1657
33,2020-01-01,41,12,1,4,1659
33,2020-01-01,41,12,2,4,1660
33,2020-01-01,41,13,2,4,1661
33,2020-01-01,41,14,1,4,1662
33,2020-01-01,41,14,2,4,1663
33,2020-01-01,41,15,1,4,1664
33,2020-01-01,41,15,2,4,1665
33,2020-01-01,41,16,1,4,1666
33,2020-01-01,41,16,2,4,1667
33,2020-01-01,41,17,1,4,1669
33,2020-01-01,41,17,2,4,1670
33,2020-01-01,41,18,0,4,1671
33,2020-01-01,41,18,1,4,1672
33,2020-01-01,41,18,2,4,1673
33,2020-01-01,41,19,1,4,1674
33,2020-01-01,41,19,2,4,1675
33,2020-01-01,41,20,0,4,1676
33,2020-01-01,41,20,1,4,1677
33,2020-01-01,41,20,2,4,1678
33,2020-01-01,41,21,1,4,1679
33,2020-01-01,41,21,2,4,1680
33,2020-01-01,42,0,0,6,1681
33,2020-01-01,42,0,1,6,1682
33,2020-01-01,42,0,2,6,1683
33,2020-01-01,42,1,1,6,1684
33,2020-01-01,42,1,2,6,1685
33,2020-01-01,42,2,1,6,1686
33,2020-01-01,42,2,2,6,1687
33,2020-01-01,42,3,1,6,1688
33,2020-01-01,42,3,2,6,1689
33,2020-01-01,42,4,1,6,1690
33,2020-01-01,42,4,2,6,1691
33,2020-01-01,42,5,0,6,1692
33,2020-01-01,42,5,1,6,1693
33,2020-01-01,42,5,2,6,1694
33,2020-01-01,42,6,1,6,1695
33,2020-01-01,42,6,2,6,1696
33,2020-01-01,42,7,0,6,1697
33,2020-01-01,42,7,1,6,1698
33,2020-01-01,42,7,2,6,1699
33,2020-01-01,42,8,1,6,1700
33,2020-01-01,42,8,2,6,1701
33,2020-01-01,42,9,1,6,1702
33,2020-01-01,42,9,2,6,1703
33,2020-01-01,42,10,1,6,1704
33,2020-01-01,42,10,2,6,1705
33,2020-01-01,42,11,0,6,1706
33,2020-01-01,42,11,1,6,1707
33,2020-01-01,42,11,2,6,1708
33,2020-01-01,42,12,0,6,1709
33,2020-01-01,42,12,1,6,1710
33,2020-01-01,42,12,2,6,1711
33,2020-01-01,42,13,2,6,1712
33,2020-01-01,42,14,1,6,1713
33,2020-01-01,42,14,2,6,1714
33,2020-01-01,42,15,1,6,1715
33,2020-01-01,42,15,2,6,1716
33,2020-01-01,42,16,1,6,1718
33,2020-01-01,42,16,2,6,1719
33,2020-01-01,42,17,0,6,1720
33,2020-01-01,42,17,1,6,1721
33,2020-01-01,42,17,2,6,1722
33,2020-01-01,42,18,0,6,1723
33,2020-01-01,42,18,1,6,1724
33,2020-01-01,42,18,2,6,1725
33,2020-01-01,42,19,0,6,1726
33,2020-01-01,42,19,1,6,1727
33,2020-01-01,42,19,2,6,1728
33,2020-01-01,42,20,0,6,1729
33,2020-01-01,42,20,1,6,1730
33,2020-01-01,42,20,2,6,1731
33,2020-01-01,42,21,0,6,1732
33,2020-01-01,42,21,1,6,1733
33,2020-01-01,42,21,2,6,1734
33,2020-01-01,43,0,0,8,1735
33,2020-01-01,43,0,1,8,1736
33,2020-01-01,43,0,2,8,1737
33,2020-01-01,43,1,2,8,1739
33,2020-01-01,43,2,1,8,1740
33,2020-01-01,43,2,2,8,1741
33,2020-01-01,43,4,2,8,1743
33,2020-01-01,43,5,0,8,1744
33,2020-01-01,43,5,2,8,1746
33,2020-01-01,43,7,0,8,1749
33,2020-01-01,43,7,1,8,1750
33,2020-01-01,43,7,2,8,1751
33,2020-01-01,43,8,2,8,1753
33,2020-01-01,43,9,1,8,1754
33,2020-01-01,43,9,2,8,1755
33,2020-01-01,43,10,2,8,1757
33,2020-01-01,43,12,2,8,1763
33,2020-01-01,43,13,2,8,1764
33,2020-01-01,43,14,2,8,1765
33,2020-01-01,43,15,2,8,1767
33,2020-01-01,43,16,1,8,1768
33,2020-01-01,43,16,2,8,1769
33,2020-01-01,43,17,0,8,1770
33,2020-01-01,43,18,0,8,1773
33,2020-01-01,43,18,1,8,1774
33,2020-01-01,43,18,2,8,1775
33,2020-01-01,43,19,1,8,1776
33,2020-01-01,43,19,2,8,1777
33,2020-01-01,43,20,2,8,1780
33,2020-01-01,43,21,0,8,1781
33,2020-01-01,43,21,2,8,1783
33,2020-01-01,44,1,2,10,1787
33,2020-01-01,44,7,2,10,1794
33,2020-01-01,44,10,2,10,1799
33,2020-01-01,44,12,2,10,1801
33,2020-01-01,44,17,1,10,1806
33,2020-01-01,44,17,2,10,1807
33,2020-01-01,45,1,2,6,1815
33,2020-01-01,45,2,2,6,1816
33,2020-01-01,45,4,2,6,1818
33,2020-01-01,45,7,2,6,1822
33,2020-01-01,45,12,2,6,1825
33,2020-01-01,46,0,0,10,1836
33,2020-01-01,46,0,1,10,1837
33,2020-01-01,46,0,2,10,1838
33,2020-01-01,46,1,1,10,1840
33,2020-01-01,46,1,2,10,1841
33,2020-01-01,46,2,0,10,1842
33,2020-01-01,46,2,1,10,1843
33,2020-01-01,46,2,2,10,1844
33,2020-01-01,46,3,1,10,1845
33,2020-01-01,46,3,2,10,1846
33,2020-01-01,46,4,1,10,1847
33,2020-01-01,46,4,2,10,1848
33,2020-01-01,46,5,0,10,1849
33,2020-01-01,46,5,1,10,1850
33,2020-01-01,46,5,2,10,1851
33,2020-01-01,46,6,1,10,1852
33,2020-01-01,46,6,2,10,1853
33,2020-01-01,46,7,0,10,1854
33,2020-01-01,46,7,1,10,1855
33,2020-01-01,46,7,2,10,1856
33,2020-01-01,46,8,1,10,1857
33,2020-01-01,46,8,2,10,1858
33,2020-01-01,46,9,1,10,1859
33,2020-01-01,46,9,2,10,1860
33,2020-01-01,46,10,1,10,1861
33,2020-01-01,46,10,2,10,1862
33,2020-01-01,46,11,0,10,1863
33,2020-01-01,46,11,1,10,1864
33,2020-01-01,46,11,2,10,1865
33,2020-01-01,46,12,0,10,1866
33,2020-01-01,46,12,1,10,1867
33,2020-01-01,46,12,2,10,1868
33,2020-01-01,46,13,1,10,1869
33,2020-01-01,46,13,2,10,1870
33,2020-01-01,46,14,1,10,1871
33,2020-01-01,46,14,2,10,1872
33,2020-01-01,46,15,1,10,1873
33,2020-01-01,46,15,2,10,1874
33,2020-01-01,46,16,1,10,1876
33,2020-01-01,46,16,2,10,1877
33,2020-01-01,46,17,0,10,1878
33,2020-01-01,46,17,1,10,1879
33,2020-01-01,46,17,2,10,1880
33,2020-01-01,46,18,0,10,1881
33,2020-01-01,46,18,1,10,1882
33,2020-01-01,46,18,2,10,1883
33,2020-01-01,46,19,0,10,1884
33,2020-01-01,46,19,1,10,1885
33,2020-01-01,46,19,2,10,1886
33,2020-01-01,46,20,0,10,1887
33,2020-01-01,46,20,1,10,1888
33,2020-01-01,46,20,2,10,1889
33,2020-01-01,46,21,0,10,1890
33,2020-01-01,46,21,1,10,1891
33,2020-01-01,46,21,2,10,1892
33,2020-01-01,47,0,1,10,1894
33,2020-01-01,47,0,2,10,1895
33,2020-01-01,47,1,1,10,1897
33,2020-01-01,47,1,2,10,1898
33,2020-01-01,47,2,1,10,1900
33,2020-01-01,47,2,2,10,1901
33,2020-01-01,47,3,1,10,1902
33,2020-01-01,47,3,2,10,1903
33,2020-01-01,47,4,1,10,1904
33,2020-01-01,47,4,2,10,1905
33,2020-01-01,47,5,1,10,1907
33,2020-01-01,47,5,2,10,1908
33,2020-01-01,47,6,1,10,1909
33,2020-01-01,47,6,2,10,1910
33,2020-01-01,47,7,0,10,1911
33,2020-01-01,47,7,1,10,1912
33,2020-01-01,47,7,2,10,1913
33,2020-01-01,47,8,1,10,1914
33,2020-01-01,47,8,2,10,1915
33,2020-01-01,47,9,1,10,1916
33,2020-01-01,47,9,2,10,1917
33,2020-01-01,47,10,1,10,1918
33,2020-01-01,47,10,2,10,1919
33,2020-01-01,47,11,0,10,1920
33,2020-01-01,47,11,1,10,1921
33,2020-01-01,47,11,2,10,1922
33,2020-01-01,47,12,0,10,1923
33,2020-01-01,47,12,1,10,1924
33,2020-01-01,47,12,2,10,1925
33,2020-01-01,47,13,1,10,1926
33,2020-01-01,47,13,2,10,1927
33,2020-01-01,47,14,1,10,1928
33,2020-01-01,47,14,2,10,1929
33,2020-01-01,47,15,1,10,1930
33,2020-01-01,47,15,2,10,1931
33,2020-01-01,47,16,1,10,1933
33,2020-01-01,47,16,2,10,1934
33,2020-01-01,47,17,0,10,1935
33,2020-01-01,47,17,1,10,1936
33,2020-01-01,47,17,2,10,1937
33,2020-01-01,47,18,0,10,1938
33,2020-01-01,47,18,1,10,1939
33,2020-01-01,47,18,2,10,1940
33,2020-01-01,47,19,0,10,1941
33,2020-01-01,47,19,1,10,1942
33,2020-01-01,47,19,2,10,1943
33,2020-01-01,47,20,0,10,1944
33,2020-01-01,47,20,1,10,1945
33,2020-01-01,47,20,2,10,1946
33,2020-01-01,47,21,0,10,1947
33,2020-01-01,47,21,1,10,1948
33,2020-01-01,47,21,2,10,1949
33,2020-02-01,8,0,1,2,0
33,2020-02-01,8,0,2,2,1
33,2020-02-01,8,1,2,2,3
33,2020-02-01,8,2,2,2,5
33,2020-02-01,8,3,2,2,6
33,2020-02-01,8,4,2,2,7
33,2020-02-01,8,5,1,2,8
33,2020-02-01,8,5,2,2,9
33,2020-02-01,8,6,1,2,10
33,2020-02-01,8,6,2,2,11
33,2020-02-01,8,7,1,2,12
33,2020-02-01,8,7,2,2,13
33,2020-02-01,8,8,2,2,14
33,2020-02-01,8,9,1,2,15
33,2020-02-01,8,9,2,2,16
33,2020-02-01,8,10,1,2,17
33,2020-02-01,8,10,2,2,18
33,2020-02-01,8,11,1,2,19
33,2020-02-01,8,11,2,2,20
33,2020-02-01,8,12,1,2,21
33,2020-02-01,8,12,2,2,22
33,2020-02-01,8,13,2,2,23
33,2020-02-01,8,14,2,2,25
33,2020-02-01,8,15,1,2,26
33,2020-02-01,8,15,2,2,27
33,2020-02-01,8,16,2,2,29
33,2020-02-01,8,17,1,2,30
33,2020-02-01,8,17,2,2,31
33,2020-02-01,8,18,0,2,32
33,2020-02-01,8,18,1,2,33
33,2020-02-01,8,18,2,2,34
33,2020-02-01,8,19,1,2,35
33,2020-02-01,8,19,2,2,36
33,2020-02-01,8,20,1,2,37
33,2020-02-01,8,20,2,2,38
33,2020-02-01,8,21,1,2,39
33,2020-02-01,8,21,2,2,40
33,2020-02-01,9,0,0,10,41
33,2020-02-01,9,0,2,10,43
33,2020-02-01,9,1,2,10,45
33,2020-02-01,9,3,2,10,50
33,2020-02-01,9,4,2,10,52
33,2020-02-01,9,5,1,10,54
33,2020-02-01,9,5,2,10,55
33,2020-02-01,9,6,2,10,57
33,2020-02-01,9,7,1,10,59
33,2020-02-01,9,7,2,10,60
33,2020-02-01,9,8,2,10,62
33,2020-02-01,9,9,2,10,64
33,2020-02-01,9,10,2,10,66
33,2020-02-01,9,12,2,10,72
33,2020-02-01,9,13,2,10,74
33,2020-02-01,9,14,1,10,75
33,2020-02-01,9,14,2,10,76
33,2020-02-01,9,15,2,10,78
33,2020-02-01,9,16,2,10,81
33,2020-02-01,9,17,1,10,83
33,2020-02-01,9,17,2,10,84
33,2020-02-01,9,18,1,10,86
33,2020-02-01,9,18,2,10,87
33,2020-02-01,9,19,1,10,89
33,2020-02-01,9,20,0,10,91
33,2020-02-01,9,20,1,10,92
33,2020-02-01,9,20,2,10,93
33,2020-02-01,9,21,2,10,96
33,2020-02-01,11,1,2,6,144
33,2020-02-01,11,3,2,6,148
33,2020-02-01,11,5,1,6,151
33,2020-02-01,11,5,2,6,152
33,2020-02-01,11,6,2,6,154
33,2020-02-01,11,10,2,6,163
33,2020-02-01,11,11,2,6,165
33,2020-02-01,11,12,1,6,167
33,2020-02-01,11,12,2,6,168
33,2020-02-01,11,14,2,6,172
33,2020-02-01,11,16,2,6,176
33,2020-02-01,11,17,2,6,178
33,2020-02-01,11,18,2,6,181
33,2020-02-01,11,19,2,6,183
33,2020-02-01,11,20,1,6,185
33,2020-02-01,11,20,2,6,186
33,2020-02-01,11,21,1,6,187
33,2020-02-01,11,21,2,6,188
33,2020-02-01,12,1,2,6,192
33,2020-02-01,12,3,2,6,195
33,2020-02-01,12,5,2,6,198
33,2020-02-01,12,6,2,6,200
33,2020-02-01,12,8,2,6,205
33,2020-02-01,12,10,2,6,209
33,2020-02-01,12,12,2,6,213
33,2020-02-01,12,14,2,6,216
33,2020-02-01,12,17,2,6,221
33,2020-02-01,12,18,2,6,224
33,2020-02-01,12,20,2,6,227
33,2020-02-01,12,21,1,6,228
33,2020-02-01,12,21,2,6,229
33,2020-02-01,13,0,0,6,230
33,2020-02-01,13,0,1,6,231
33,2020-02-01,13,0,2,6,232
33,2020-02-01,13,1,1,6,234
33,2020-02-01,13,1,2,6,235
33,2020-02-01,13,2,0,6,236
33,2020-02-01,13,2,1,6,237
33,2020-02-01,13,2,2,6,238
33,2020-02-01,13,3,1,6,239
33,2020-02-01,13,3,2,6,240
33,2020-02-01,13,4,1,6,241
33,2020-02-01,13,4,2,6,242
33,2020-02-01,13,5,1,6,243
33,2020-02-01,13,5,2,6,244
33,2020-02-01,13,6,1,6,246
33,2020-02-01,13,6,2,6,247
33,2020-02-01,13,7,0,6,248
33,2020-02-01,13,7,1,6,249
33,2020-02-01,13,7,2,6,250
33,2020-02-01,13,8,1,6,251
33,2020-02-01,13,8,2,6,252
33,2020-02-01,13,9,1,6,253
33,2020-02-01,13,9,2,6,254
33,2020-02-01,13,10,1,6,255
33,2020-02-01,13,10,2,6,256
33,2020-02-01,13,11,0,6,257
33,2020-02-01,13,11,1,6,258
33,2020-02-01,13,11,2,6,259
33,2020-02-01,13,12,0,6,260
33,2020-02-01,13,12,1,6,261
33,2020-02-01,13,12,2,6,262
33,2020-02-01,13,13,2,6,264
33,2020-02-01,13,14,1,6,265
33,2020-02-01,13,14,2,6,266
33,2020-02-01,13,15,1,6,267
33,2020-02-01,13,15,2,6,268
33,2020-02-01,13,16,1,6,270
33,2020-02-01,13,16,2,6,271
33,2020-02-01,13,17,0,6,272
33,2020-02-01,13,17,1,6,273
33,2020-02-01,13,17,2,6,274
33,2020-02-01,13,18,0,6,275
33,2020-02-01,13,18,1,6,276
33,2020-02-01,13,18,2,6,277
33,2020-02-01,13,19,0,6,278
33,2020-02-01,13,19,1,6,279
33,2020-02-01,13,19,2,6,280
33,2020-02-01,13,20,0,6,281
33,2020-02-01,13,20,1,6,282
33,2020-02-01,13,20,2,6,283
33,2020-02-01,13,21,0,6,284
33,2020-02-01,13,21,1,6,285
33,2020-02-01,13,21,2,6,286
33,2020-02-01,14,0,1,6,287
33,2020-02-01,14,0,2,6,288
33,2020-02-01,14,1,1,6,290
33,2020-02-01,14,1,2,6,291
33,2020-02-01,14,2,1,6,293
33,2020-02-01,14,2,2,6,294
33,2020-02-01,14,3,1,6,295
33,2020-02-01,14,3,2,6,296
33,2020-02-01,14,4,1,6,297
33,2020-02-01,14,4,2,6,298
33,2020-02-01,14,5,1,6,299
33,2020-02-01,14,5,2,6,300
33,2020-02-01,14,6,1,6,301
33,2020-02-01,14,6,2,6,302
33,2020-02-01,14,7,0,6,303
33,2020-02-01,14,7,1,6,304
33,2020-02-01,14,7,2,6,305
33,2020-02-01,14,8,1,6,306
33,2020-02-01,14,8,2,6,307
33,2020-02-01,14,9,1,6,308
33,2020-02-01,14,9,2,6,309
33,2020-02-01,14,10,1,6,310
33,2020-02-01,14,10,2,6,311
33,2020-02-01,14,11,0,6,312
33,2020-02-01,14,11,1,6,313
33,2020-02-01,14,11,2,6,314
33,2020-02-01,14,12,0,6,315
33,2020-02-01,14,12,1,6,316
33,2020-02-01,14,12,2,6,317
33,2020-02-01,14,13,2,6,319
33,2020-02-01,14,14,1,6,320
33,2020-02-01,14,14,2,6,321
33,2020-02-01,14,15,1,6,322
33,2020-02-01,14,15,2,6,323
33,2020-02-01,14,16,1,6,325
33,2020-02-01,14,16,2,6,326
33,2020-02-01,14,17,0,6,327
33,2020-02-01,14,17,1,6,328
33,2020-02-01,14,17,2,6,329
33,2020-02-01,14,18,0,6,330
33,2020-02-01,14,18,1,6,331
33,2020-02-01,14,18,2,6,332
33,2020-02-01,14,19,0,6,333
33,2020-02-01,14,19,1,6,334
33,2020-02-01,14,19,2,6,335
33,2020-02-01,14,20,0,6,336
33,2020-02-01,14,20,1,6,337
33,2020-02-01,14,20,2,6,338
33,2020-02-01,14,21,0,6,339
33,2020-02-01,14,21,1,6,340
33,2020-02-01,14,21,2,6,341
33,2020-02-01,15,0,1,6,342
33,2020-02-01,15,0,2,6,343
33,2020-02-01,15,1,1,6,345
33,2020-02-01,15,1,2,6,346
33,2020-02-01,15,2,1,6,348
33,2020-02-01,15,2,2,6,349
33,2020-02-01,15,3,1,6,350
33,2020-02-01,15,3,2,6,351
33,2020-02-01,15,4,1,6,352
33,2020-02-01,15,4,2,6,353
33,2020-02-01,15,5,1,6,354
33,2020-02-01,15,5,2,6,355
33,2020-02-01,15,6,1,6,356
33,2020-02-01,15,6,2,6,357
33,2020-02-01,15,7,0,6,358
33,2020-02-01,15,7,1,6,359
33,2020-02-01,15,7,2,6,360
33,2020-02-01,15,8,1,6,361
33,2020-02-01,15,8,2,6,362
33,2020-02-01,15,9,1,6,363
33,2020-02-01,15,9,2,6,364
33,2020-02-01,15,10,1,6,365
33,2020-02-01,15,10,2,6,366
33,2020-02-01,15,11,0,6,367
33,2020-02-01,15,11,1,6,368
33,2020-02-01,15,11,2,6,369
33,2020-02-01,15,12,1,6,371
33,2020-02-01,15,12,2,6,372
33,2020-02-01,15,13,2,6,374
33,2020-02-01,15,14,1,6,375
33,2020-02-01,15,14,2,6,376
33,2020-02-01,15,15,1,6,377
33,2020-02-01,15,15,2,6,378
33,2020-02-01,15,16,1,6,380
33,2020-02-01,15,16,2,6,381
33,2020-02-01,15,17,0,6,382
33,2020-02-01,15,17,1,6,383
33,2020-02-01,15,17,2,6,384
33,2020-02-01,15,18,0,6,385
33,2020-02-01,15,18,1,6,386
33,2020-02-01,15,18,2,6,387
33,2020-02-01,15,19,0,6,388
33,2020-02-01,15,19,1,6,389
33,2020-02-01,15,19,2,6,390
33,2020-02-01,15,20,0,6,391
33,2020-02-01,15,20,1,6,392
33,2020-02-01,15,20,2,6,393
33,2020-02-01,15,21,0,6,394
33,2020-02-01,15,21,1,6,395
33,2020-02-01,15,21,2,6,396
33,2020-02-01,16,0,2,6,398
33,2020-02-01,16,1,1,6,400
33,2020-02-01,16,1,2,6,401
33,2020-02-01,16,2,2,6,404
33,2020-02-01,16,3,1,6,405
33,2020-02-01,16,3,2,6,406
33,2020-02-01,16,4,2,6,408
33,2020-02-01,16,5,1,6,409
33,2020-02-01,16,5,2,6,410
33,2020-02-01,16,6,2,6,412
33,2020-02-01,16,7,2,6,415
33,2020-02-01,16,8,2,6,417
33,2020-02-01,16,9,2,6,419
33,2020-02-01,16,10,2,6,421
33,2020-02-01,16,11,2,6,424
33,2020-02-01,16,12,2,6,427
33,2020-02-01,16,13,2,6,429
33,2020-02-01,16,14,2,6,431
33,2020-02-01,16,15,2,6,433
33,2020-02-01,16,16,1,6,434
33,2020-02-01,16,16,2,6,435
33,2020-02-01,16,17,2,6,438
33,2020-02-01,16,18,2,6,441
33,2020-02-01,16,19,1,6,443
33,2020-02-01,16,19,2,6,444
33,2020-02-01,16,20,1,6,446
33,2020-02-01,16,20,2,6,447
33,2020-02-01,16,21,1,6,449
33,2020-02-01,16,21,2,6,450
33,2020-02-01,17,0,2,6,452
33,2020-02-01,17,1,1,6,454
33,2020-02-01,17,1,2,6,455
33,2020-02-01,17,2,2,6,458
33,2020-02-01,17,3,1,6,459
33,2020-02-01,17,3,2,6,460
33,2020-02-01,17,4,2,6,462
33,2020-02-01,17,5,1,6,463
33,2020-02-01,17,5,2,6,464
33,2020-02-01,17,6,1,6,465
33,2020-02-01,17,6,2,6,466
33,2020-02-01,17,7,0,6,467
33,2020-02-01,17,7,1,6,468
33,2020-02-01,17,7,2,6,469
33,2020-02-01,17,8,2,6,471
33,2020-02-01,17,9,2,6,473
33,2020-02-01,17,10,2,6,475
33,2020-02-01,17,11,2,6,478
33,2020-02-01,17,12,2,6,481
33,2020-02-01,17,13,2,6,483
33,2020-02-01,17,14,2,6,485
33,2020-02-01,17,15,2,6,487
33,2020-02-01,17,16,1,6,489
33,2020-02-01,17,16,2,6,490
33,2020-02-01,17,17,1,6,492
33,2020-02-01,17,17,2,6,493
33,2020-02-01,17,18,2,6,496
33,2020-02-01,17,19,1,6,498
33,2020-02-01,17,19,2,6,499
33,2020-02-01,17,20,1,6,501
33,2020-02-01,17,20,2,6,502
33,2020-02-01,17,21,1,6,504
33,2020-02-01,17,21,2,6,505
33,2020-02-01,18,0,0,3,506
33,2020-02-01,18,0,1,3,507
33,2020-02-01,18,0,2,3,508
33,2020-02-01,18,1,1,3,510
33,2020-02-01,18,2,0,3,512
33,2020-02-01,18,2,1,3,513
33,2020-02-01,18,2,2,3,514
33,2020-02-01,18,3,1,3,515
33,2020-02-01,18,4,1,3,517
33,2020-02-01,18,5,1,3,520
33,2020-02-01,18,5,2,3,521
33,2020-02-01,18,6,1,3,522
33,2020-02-01,18,6,2,3,523
33,2020-02-01,18,7,0,3,524
33,2020-02-01,18,7,1,3,525
33,2020-02-01,18,7,2,3,526
33,2020-02-01,18,8,1,3,527
33,2020-02-01,18,8,2,3,528
33,2020-02-01,18,9,1,3,529
33,2020-02-01,18,9,2,3,530
33,2020-02-01,18,10,1,3,531
33,2020-02-01,18,10,2,3,532
33,2020-02-01,18,11,0,3,533
33,2020-02-01,18,11,1,3,534
33,2020-02-01,18,11,2,3,535
33,2020-02-01,18,12,0,3,536
33,2020-02-01,18,12,1,3,537
33,2020-02-01,18,12,2,3,538
33,2020-02-01,18,13,2,3,540
33,2020-02-01,18,14,1,3,541
33,2020-02-01,18,14,2,3,542
33,2020-02-01,18,15,1,3,543
33,2020-02-01,18,15,2,3,544
33,2020-02-01,18,16,1,3,546
33,2020-02-01,18,16,2,3,547
33,2020-02-01,18,17,0,3,548
33,2020-02-01,18,17,1,3,549
33,2020-02-01,18,17,2,3,550
33,2020-02-01,18,18,0,3,551
33,2020-02-01,18,18,1,3,552
33,2020-02-01,18,18,2,3,553
33,2020-02-01,18,19,0,3,554
33,2020-02-01,18,19,1,3,555
33,2020-02-01,18,19,2,3,556
33,2020-02-01,18,20,0,3,557
33,2020-02-01,18,20,1,3,558
33,2020-02-01,18,20,2,3,559
33,2020-02-01,18,21,0,3,560
33,2020-02-01,18,21,1,3,561
33,2020-02-01,18,21,2,3,562
33,2020-02-01,19,1,1,7,564
33,2020-02-01,19,1,2,7,565
33,2020-02-01,19,5,1,7,569
33,2020-02-01,19,5,2,7,570
33,2020-02-01,19,10,2,7,577
33,2020-02-01,19,17,2,7,587
33,2020-02-01,19,18,2,7,589
33,2020-02-01,19,20,2,7,592
33,2020-02-01,19,21,2,7,593
33,2020-02-01,20,0,1,4,595
33,2020-02-01,20,0,2,4,596
33,2020-02-01,20,1,1,4,597
33,2020-02-01,20,1,2,4,598
33,2020-02-01,20,2,1,4,599
33,2020-02-01,20,2,2,4,600
33,2020-02-01,20,3,1,4,601
33,2020-02-01,20,3,2,4,602
33,2020-02-01,20,4,1,4,603
33,2020-02-01,20,4,2,4,604
33,2020-02-01,20,5,1,4,605
33,2020-02-01,20,5,2,4,606
33,2020-02-01,20,6,1,4,607
33,2020-02-01,20,6,2,4,608
33,2020-02-01,20,7,0,4,609
33,2020-02-01,20,7,1,4,610
33,2020-02-01,20,7,2,4,611
33,2020-02-01,20,8,2,4,613
33,2020-02-01,20,9,1,4,614
33,2020-02-01,20,9,2,4,615
33,2020-02-01,20,10,1,4,616
33,2020-02-01,20,10,2,4,617
33,2020-02-01,20,11,0,4,618
33,2020-02-01,20,11,1,4,619
33,2020-02-01,20,11,2,4,620
33,2020-02-01,20,12,0,4,621
33,2020-02-01,20,12,1,4,622
33,2020-02-01,20,12,2,4,623
33,2020-02-01,20,13,2,4,625
33,2020-02-01,20,14,1,4,626
33,2020-02-01,20,14,2,4,627
33,2020-02-01,20,15,1,4,628
33,2020-02-01,20,15,2,4,629
33,2020-02-01,20,16,1,4,631
33,2020-02-01,20,16,2,4,632
33,2020-02-01,20,17,0,4,633
33,2020-02-01,20,17,1,4,634
33,2020-02-01,20,17,2,4,635
33,2020-02-01,20,18,0,4,636
33,2020-02-01,20,18,1,4,637
33,2020-02-01,20,18,2,4,638
33,2020-02-01,20,19,0,4,639
33,2020-02-01,20,19,1,4,640
33,2020-02-01,20,19,2,4,641
33,2020-02-01,20,20,0,4,642
33,2020-02-01,20,20,1,4,643
33,2020-02-01,20,20,2,4,644
33,2020-02-01,20,21,0,4,645
33,2020-02-01,20,21,1,4,646
33,2020-02-01,20,21,2,4,647
33,2020-02-01,21,0,0,4,648
33,2020-02-01,21,0,1,4,649
33,2020-02-01,21,0,2,4,650
33,2020-02-01,21,1,1,4,652
33,2020-02-01,21,1,2,4,653
33,2020-02-01,21,2,1,4,655
33,2020-02-01,21,2,2,4,656
33,2020-02-01,21,3,1,4,657
33,2020-02-01,21,3,2,4,658
33,2020-02-01,21,4,1,4,659
33,2020-02-01,21,4,2,4,660
33,2020-02-01,21,5,1,4,661
33,2020-02-01,21,5,2,4,662
33,2020-02-01,21,6,1,4,664
33,2020-02-01,21,6,2,4,665
33,2020-02-01,21,7,0,4,666
33,2020-02-01,21,7,1,4,667
33,2020-02-01,21,7,2,4,668
33,2020-02-01,21,8,1,4,669
33,2020-02-01,21,8,2,4,670
33,2020-02-01,21,9,1,4,671
33,2020-02-01,21,9,2,4,672
33,2020-02-01,21,10,1,4,673
33,2020-02-01,21,10,2,4,674
33,2020-02-01,21,11,0,4,675
33,2020-02-01,21,11,1,4,676
33,2020-02-01,21,11,2,4,677
33,2020-02-01,21,12,0,4,678
33,2020-02-01,21,12,1,4,679
33,2020-02-01,21,12,2,4,680
33,2020-02-01,21,13,1,4,681
33,2020-02-01,21,13,2,4,682
33,2020-02-01,21,14,1,4,683
33,2020-02-01,21,14,2,4,684
33,2020-02-01,21,15,1,4,685
33,2020-02-01,21,15,2,4,686
33,2020-02-01,21,16,1,4,688
33,2020-02-01,21,16,2,4,689
33,2020-02-01,21,17,0,4,690
33,2020-02-01,21,17,1,4,691
33,2020-02-01,21,17,2,4,692
33,2020-02-01,21,18,0,4,693
33,2020-02-01,21,18,1,4,694
33,2020-02-01,21,18,2,4,695
33,2020-02-01,21,19,0,4,696
33,2020-02-01,21,19,1,4,697
33,2020-02-01,21,19,2,4,698
33,2020-02-01,21,20,0,4,699
33,2020-02-01,21,20,1,4,700
33,2020-02-01,21,20,2,4,701
33,2020-02-01,21,21,0,4,702
33,2020-02-01,21,21,1,4,703
33,2020-02-01,21,21,2,4,704
33,2020-02-01,22,1,1,4,707
33,2020-02-01,22,1,2,4,708
33,2020-02-01,22,5,1,4,715
33,2020-02-01,22,5,2,4,716
33,2020-02-01,22,6,2,4,718
33,2020-02-01,22,10,2,4,726
33,2020-02-01,22,11,2,4,728
33,2020-02-01,22,12,2,4,730
33,2020-02-01,22,13,2,4,732
33,2020-02-01,22,14,2,4,734
33,2020-02-01,22,17,2,4,740
33,2020-02-01,22,19,2,4,744
33,2020-02-01,22,20,1,4,746
33,2020-02-01,22,20,2,4,747
33,2020-02-01,22,21,1,4,748
33,2020-02-01,22,21,2,4,749
33,2020-02-01,23,0,1,4,751
33,2020-02-01,23,0,2,4,752
33,2020-02-01,23,1,1,4,754
33,2020-02-01,23,1,2,4,755
33,2020-02-01,23,2,1,4,757
33,2020-02-01,23,2,2,4,758
33,2020-02-01,23,3,1,4,759
33,2020-02-01,23,3,2,4,760
33,2020-02-01,23,4,1,4,761
33,2020-02-01,23,4,2,4,762
33,2020-02-01,23,5,1,4,763
33,2020-02-01,23,5,2,4,764
33,2020-02-01,23,6,1,4,765
33,2020-02-01,23,6,2,4,766
33,2020-02-01,23,7,0,4,767
33,2020-02-01,23,7,1,4,768
33,2020-02-01,23,7,2,4,769
33,2020-02-01,23,8,1,4,770
33,2020-02-01,23,8,2,4,771
33,2020-02-01,23,9,1,4,772
33,2020-02-01,23,9,2,4,773
33,2020-02-01,23,10,1,4,774
33,2020-02-01,23,10,2,4,775
33,2020-02-01,23,11,0,4,776
33,2020-02-01,23,11,1,4,777
33,2020-02-01,23,11,2,4,778
33,2020-02-01,23,12,0,4,779
33,2020-02-01,23,12,1,4,780
33,2020-02-01,23,12,2,4,781
33,2020-02-01,23,13,2,4,783
33,2020-02-01,23,14,1,4,784
33,2020-02-01,23,14,2,4,785
33,2020-02-01,23,15,1,4,786
33,2020-02-01,23,15,2,4,787
33,2020-02-01,23,16,1,4,789
33,2020-02-01,23,16,2,4,790
33,2020-02-01,23,17,0,4,791
33,2020-02-01,23,17,1,4,792
33,2020-02-01,23,17,2,4,793
33,2020-02-01,23,18,0,4,794
33,2020-02-01,23,18,1,4,795
33,2020-02-01,23,18,2,4,796
33,2020-02-01,23,19,0,4,797
33,2020-02-01,23,19,1,4,798
33,2020-02-01,23,19,2,4,799
33,2020-02-01,23,20,0,4,800
33,2020-02-01,23,20,1,4,801
33,2020-02-01,23,20,2,4,802
33,2020-02-01,23,21,0,4,803
33,2020-02-01,23,21,1,4,804
33,2020-02-01,23,21,2,4,805
33,2020-02-01,24,0,2,4,807
33,2020-02-01,24,1,1,4,808
33,2020-02-01,24,1,2,4,809
33,2020-02-01,24,2,2,4,811
33,2020-02-01,24,3,1,4,812
33,2020-02-01,24,3,2,4,813
33,2020-02-01,24,4,1,4,814
33,2020-02-01,24,4,2,4,815
33,2020-02-01,24,5,1,4,816
33,2020-02-01,24,5,2,4,817
33,2020-02-01,24,6,1,4,818
33,2020-02-01,24,6,2,4,819
33,2020-02-01,24,7,0,4,820
33,2020-02-01,24,7,1,4,821
33,2020-02-01,24,7,2,4,822
33,2020-02-01,24,8,2,4,824
33,2020-02-01,24,9,1,4,825
33,2020-02-01,24,9,2,4,826
33,2020-02-01,24,10,1,4,827
33,2020-02-01,24,10,2,4,828
33,2020-02-01,24,11,0,4,829
33,2020-02-01,24,11,1,4,830
33,2020-02-01,24,11,2,4,831
33,2020-02-01,24,12,2,4,834
33,2020-02-01,24,13,2,4,836
33,2020-02-01,24,14,1,4,837
33,2020-02-01,24,14,2,4,838
33,2020-02-01,24,15,2,4,840
33,2020-02-01,24,16,1,4,842
33,2020-02-01,24,16,2,4,843
33,2020-02-01,24,17,1,4,845
33,2020-02-01,24,17,2,4,846
33,2020-02-01,24,18,2,4,849
33,2020-02-01,24,19,0,4,850
33,2020-02-01,24,19,1,4,851
33,2020-02-01,24,19,2,4,852
33,2020-02-01,24,20,0,4,853
33,2020-02-01,24,20,1,4,854
33,2020-02-01,24,20,2,4,855
33,2020-02-01,24,21,1,4,857
33,2020-02-01,24,21,2,4,858
33,2020-02-01,25,0,2,4,859
33,2020-02-01,25,3,2,4,864
33,2020-02-01,25,5,2,4,866
33,2020-02-01,25,10,2,4,875
33,2020-02-01,25,11,2,4,878
33,2020-02-01,25,12,2,4,880
33,2020-02-01,25,17,2,4,889
33,2020-02-01,25,19,2,4,892
33,2020-02-01,25,20,2,4,894
33,2020-02-01,26,1,1,4,899
33,2020-02-01,26,3,2,4,904
33,2020-02-01,26,4,2,4,906
33,2020-02-01,26,5,2,4,908
33,2020-02-01,26,6,2,4,910
33,2020-02-01,26,7,2,4,913
33,2020-02-01,26,8,2,4,915
33,2020-02-01,26,10,2,4,919
33,2020-02-01,26,12,2,4,925
33,2020-02-01,26,13,2,4,927
33,2020-02-01,26,14,2,4,929
33,2020-02-01,26,15,2,4,931
33,2020-02-01,26,16,2,4,933
33,2020-02-01,26,17,2,4,935
33,2020-02-01,26,19,1,4,939
33,2020-02-01,26,20,1,4,942
33,2020-02-01,26,20,2,4,943
33,2020-02-01,26,21,1,4,945
33,2020-02-01,26,21,2,4,946
33,2020-02-01,27,0,0,9,947
33,2020-02-01,27,0,1,9,948
33,2020-02-01,27,0,2,9,949
33,2020-02-01,27,1,1,9,951
33,2020-02-01,27,1,2,9,952
33,2020-02-01,27,2,0,9,953
33,2020-02-01,27,2,1,9,954
33,2020-02-01,27,2,2,9,955
33,2020-02-01,27,3,1,9,956
33,2020-02-01,27,3,2,9,957
33,2020-02-01,27,4,1,9,958
33,2020-02-01,27,4,2,9,959
33,2020-02-01,27,5,1,9,961
33,2020-02-01,27,5,2,9,962
33,2020-02-01,27,6,1,9,963
33,2020-02-01,27,6,2,9,964
33,2020-02-01,27,7,0,9,965
33,2020-02-01,27,7,1,9,966
33,2020-02-01,27,7,2,9,967
33,2020-02-01,27,8,1,9,968
33,2020-02-01,27,8,2,9,969
33,2020-02-01,27,9,1,9,970
33,2020-02-01,27,9,2,9,971
33,2020-02-01,27,10,1,9,972
33,2020-02-01,27,10,2,9,973
33,2020-02-01,27,11,0,9,974
33,2020-02-01,27,11,1,9,975
33,2020-02-01,27,11,2,9,976
33,2020-02-01,27,12,0,9,977
33,2020-02-01,27,12,1,9,978
33,2020-02-01,27,12,2,9,979
33,2020-02-01,27,13,1,9,980
33,2020-02-01,27,13,2,9,981
33,2020-02-01,27,14,1,9,982
33,2020-02-01,27,14,2,9,983
33,2020-02-01,27,15,1,9,984
33,2020-02-01,27,15,2,9,985
33,2020-02-01,27,16,1,9,987
33,2020-02-01,27,16,2,9,988
33,2020-02-01,27,17,0,9,989
33,2020-02-01,27,17,1,9,990
33,2020-02-01,27,17,2,9,991
33,2020-02-01,27,18,0,9,992
33,2020-02-01,27,18,1,9,993
33,2020-02-01,27,18,2,9,994
33,2020-02-01,27,19,0,9,995
33,2020-02-01,27,19,1,9,996
33,2020-02-01,27,19,2,9,997
33,2020-02-01,27,20,0,9,998
33,2020-02-01,27,20,1,9,999
33,2020-02-01,27,20,2,9,1000
33,2020-02-01,27,21,0,9,1001
33,2020-02-01,27,21,1,9,1002
33,2020-02-01,27,21,2,9,1003
33,2020-02-01,28,1,2,9,1006
33,2020-02-01,28,4,2,9,1011
33,2020-02-01,28,5,1,9,1012
33,2020-02-01,28,5,2,9,1013
33,2020-02-01,28,6,2,9,1015
33,2020-02-01,28,10,2,9,1023
33,2020-02-01,28,17,2,9,1035
33,2020-02-01,28,18,2,9,1037
33,2020-02-01,28,19,2,9,1039
33,2020-02-01,28,20,2,9,1042
33,2020-02-01,28,21,2,9,1044
33,2020-02-01,29,1,1,9,1047
33,2020-02-01,29,5,1,9,1055
33,2020-02-01,29,5,2,9,1056
33,2020-02-01,29,8,2,9,1063
33,2020-02-01,29,9,2,9,1065
33,2020-02-01,29,10,2,9,1067
33,2020-02-01,29,12,1,9,1072
33,2020-02-01,29,12,2,9,1073
33,2020-02-01,29,14,2,9,1077
33,2020-02-01,29,16,2,9,1082
33,2020-02-01,29,17,2,9,1085
33,2020-02-01,29,18,2,9,1088
33,2020-02-01,29,19,2,9,1091
33,2020-02-01,29,20,2,9,1094
33,2020-02-01,29,21,1,9,1096
33,2020-02-01,29,21,2,9,1097
33,2020-02-01,30,0,0,9,1098
33,2020-02-01,30,0,1,9,1099
33,2020-02-01,30,0,2,9,1100
33,2020-02-01,30,1,1,9,1102
33,2020-02-01,30,1,2,9,1103
33,2020-02-01,30,2,0,9,1104
33,2020-02-01,30,2,1,9,1105
33,2020-02-01,30,2,2,9,1106
33,2020-02-01,30,3,1,9,1107
33,2020-02-01,30,3,2,9,1108
33,2020-02-01,30,4,1,9,1109
33,2020-02-01,30,4,2,9,1110
33,2020-02-01,30,5,1,9,1112
33,2020-02-01,30,5,2,9,1113
33,2020-02-01,30,6,1,9,1115
33,2020-02-01,30,6,2,9,1116
33,2020-02-01,30,7,0,9,1117
33,2020-02-01,30,7,1,9,1118
33,2020-02-01,30,7,2,9,1119
33,2020-02-01,30,8,1,9,1120
33,2020-02-01,30,8,2,9,1121
33,2020-02-01,30,9,1,9,1122
33,2020-02-01,30,9,2,9,1123
33,2020-02-01,30,10,1,9,1124
33,2020-02-01,30,10,2,9,1125
33,2020-02-01,30,11,0,9,1126
33,2020-02-01,30,11,1,9,1127
33,2020-02-01,30,11,2,9,1128
33,2020-02-01,30,12,0,9,1129
33,2020-02-01,30,12,1,9,1130
33,2020-02-01,30,12,2,9,1131
33,2020-02-01,30,13,1,9,1132
33,2020-02-01,30,13,2,9,1133
33,2020-02-01,30,14,1,9,1134
33,2020-02-01,30,14,2,9,1135
33,2020-02-01,30,15,1,9,1136
33,2020-02-01,30,15,2,9,1137
33,2020-02-01,30,16,1,9,1139
33,2020-02-01,30,16,2,9,1140
33,2020-02-01,30,17,0,9,1141
33,2020-02-01,30,17,1,9,1142
33,2020-02-01,30,17,2,9,1143
33,2020-02-01,30,18,0,9,1144
33,2020-02-01,30,18,1,9,1145
33,2020-02-01,30,18,2,9,1146
33,2020-02-01,30,19,0,9,1147
33,2020-02-01,30,19,1,9,1148
33,2020-02-01,30,19,2,9,1149
33,2020-02-01,30,20,0,9,1150
33,2020-02-01,30,20,1,9,1151
33,2020-02-01,30,20,2,9,1152
33,2020-02-01,30,21,0,9,1153
33,2020-02-01,30,21,1,9,1154
33,2020-02-01,30,21,2,9,1155
33,2020-02-01,31,0,1,0,1156
33,2020-02-01,31,0,2,0,1157
33,2020-02-01,31,1,1,0,1158
33,2020-02-01,31,1,2,0,1159
33,2020-02-01,31,2,2,0,1161
33,2020-02-01,31,3,1,0,1162
33,2020-02-01,31,3,2,0,1163
33,2020-02-01,31,4,1,0,1164
33,2020-02-01,31,4,2,0,1165
33,2020-02-01,31,5,1,0,1166
33,2020-02-01,31,5,2,0,1167
33,2020-02-01,31,6,1,0,1168
33,2020-02-01,31,6,2,0,1169
33,2020-02-01,31,7,1,0,1171
33,2020-02-01,31,7,2,0,1172
33,2020-02-01,31,8,2,0,1174
33,2020-02-01,31,9,1,0,1175
33,2020-02-01,31,9,2,0,1176
33,2020-02-01,31,10,1,0,1177
33,2020-02-01,31,10,2,0,1178
33,2020-02-01,31,11,1,0,1179
33,2020-02-01,31,11,2,0,1180
33,2020-02-01,31,12,1,0,1182
33,2020-02-01,31,12,2,0,1183
33,2020-02-01,31,13,2,0,1185
33,2020-02-01,31,14,1,0,1186
33,2020-02-01,31,14,2,0,1187
33,2020-02-01,31,15,1,0,1188
33,2020-02-01,31,15,2,0,1189
33,2020-02-01,31,16,1,0,1190
33,2020-02-01,31,16,2,0,1191
33,2020-02-01,31,17,1,0,1192
33,2020-02-01,31,17,2,0,1193
33,2020-02-01,31,18,0,0,1194
33,2020-02-01,31,18,1,0,1195
33,2020-02-01,31,18,2,0,1196
33,2020-02-01,31,19,1,0,1197
33,2020-02-01,31,19,2,0,1198
33,2020-02-01,31,20,1,0,1200
33,2020-02-01,31,20,2,0,1201
33,2020-02-01,31,21,1,0,1202
33,2020-02-01,31,21,2,0,1203
33,2020-02-01,32,0,2,0,1205
33,2020-02-01,32,1,2,0,1207
33,2020-02-01,32,2,2,0,1209
33,2020-02-01,32,3,2,0,1211
33,2020-02-01,32,4,2,0,1213
33,2020-02-01,32,5,2,0,1215
33,2020-02-01,32,6,2,0,1217
33,2020-02-01,32,7,1,0,1218
33,2020-02-01,32,7,2,0,1219
33,2020-02-01,32,8,2,0,1221
33,2020-02-01,32,10,2,0,1225
33,2020-02-01,32,12,2,0,1230
33,2020-02-01,32,13,2,0,1232
33,2020-02-01,32,14,2,0,1234
33,2020-02-01,32,15,2,0,1236
33,2020-02-01,32,16,2,0,1238
33,2020-02-01,32,17,2,0,1240
33,2020-02-01,32,18,2,0,1243
33,2020-02-01,32,19,2,0,1245
33,2020-02-01,32,20,2,0,1247
33,2020-02-01,32,21,1,0,1248
33,2020-02-01,32,21,2,0,1249
33,2020-02-01,33,0,1,6,1250
33,2020-02-01,33,0,2,6,1251
33,2020-02-01,33,1,1,6,1252
33,2020-02-01,33,1,2,6,1253
33,2020-02-01,33,2,1,6,1254
33,2020-02-01,33,2,2,6,1255
33,2020-02-01,33,3,1,6,1256
33,2020-02-01,33,3,2,6,1257
33,2020-02-01,33,4,1,6,1258
33,2020-02-01,33,4,2,6,1259
33,2020-02-01,33,5,1,6,1260
33,2020-02-01,33,5,2,6,1261
33,2020-02-01,33,6,1,6,1262
33,2020-02-01,33,6,2,6,1263
33,2020-02-01,33,7,0,6,1264
33,2020-02-01,33,7,1,6,1265
33,2020-02-01,33,7,2,6,1266
33,2020-02-01,33,8,1,6,1267
33,2020-02-01,33,8,2,6,1268
33,2020-02-01,33,9,1,6,1269
33,2020-02-01,33,9,2,6,1270
33,2020-02-01,33,10,1,6,1271
33,2020-02-01,33,10,2,6,1272
33,2020-02-01,33,11,0,6,1273
33,2020-02-01,33,11,1,6,1274
33,2020-02-01,33,11,2,6,1275
33,2020-02-01,33,12,0,6,1276
33,2020-02-01,33,12,1,6,1277
33,2020-02-01,33,12,2,6,1278
33,2020-02-01,33,13,2,6,1280
33,2020-02-01,33,14,1,6,1281
33,2020-02-01,33,14,2,6,1282
33,2020-02-01,33,15,1,6,1283
33,2020-02-01,33,15,2,6,1284
33,2020-02-01,33,16,1,6,1285
33,2020-02-01,33,16,2,6,1286
33,2020-02-01,33,17,0,6,1287
33,2020-02-01,33,17,1,6,1288
33,2020-02-01,33,17,2,6,1289
33,2020-02-01,33,18,0,6,1290
33,2020-02-01,33,18,1,6,1291
33,2020-02-01,33,18,2,6,1292
33,2020-02-01,33,19,0,6,1293
33,2020-02-01,33,19,1,6,1294
33,2020-02-01,33,19,2,6,1295
33,2020-02-01,33,20,0,6,1296
33,2020-02-01,33,20,1,6,1297
33,2020-02-01,33,20,2,6,1298
33,2020-02-01,33,21,1,6,1300
33,2020-02-01,33,21,2,6,1301
33,2020-02-01,34,0,1,4,1302
33,2020-02-01,34,0,2,4,1303
33,2020-02-01,34,1,1,4,1304
33,2020-02-01,34,1,2,4,1305
33,2020-02-01,34,2,2,4,1307
33,2020-02-01,34,3,1,4,1308
33,2020-02-01,34,3,2,4,1309
33,2020-02-01,34,4,1,4,1310
33,2020-02-01,34,4,2,4,1311
33,2020-02-01,34,5,1,4,1312
33,2020-02-01,34,5,2,4,1313
33,2020-02-01,34,6,1,4,1314
33,2020-02-01,34,6,2,4,1315
33,2020-02-01,34,7,0,4,1316
33,2020-02-01,34,7,1,4,1317
33,2020-02-01,34,7,2,4,1318
33,2020-02-01,34,8,2,4,1320
33,2020-02-01,34,9,1,4,1321
33,2020-02-01,34,9,2,4,1322
33,2020-02-01,34,10,1,4,1323
33,2020-02-01,34,10,2,4,1324
33,2020-02-01,34,11,0,4,1325
33,2020-02-01,34,11,1,4,1326
33,2020-02-01,34,11,2,4,1327
33,2020-02-01,34,12,0,4,1328
33,2020-02-01,34,12,1,4,1329
33,2020-02-01,34,12,2,4,1330
33,2020-02-01,34,13,2,4,1332
33,2020-02-01,34,14,1,4,1333
33,2020-02-01,34,14,2,4,1334
33,2020-02-01,34,15,1,4,1335
33,2020-02-01,34,15,2,4,1336
33,2020-02-01,34,16,1,4,1338
33,2020-02-01,34,16,2,4,1339
33,2020-02-01,34,17,0,4,1340
33,2020-02-01,34,17,1,4,1341
33,2020-02-01,34,17,2,4,1342
33,2020-02-01,34,18,0,4,1343
33,2020-02-01,34,18,1,4,1344
33,2020-02-01,34,18,2,4,1345
33,2020-02-01,34,19,0,4,1346
33,2020-02-01,34,19,1,4,1347
33,2020-02-01,34,19,2,4,1348
33,2020-02-01,34,20,0,4,1349
33,2020-02-01,34,20,1,4,1350
33,2020-02-01,34,20,2,4,1351
33,2020-02-01,34,21,0,4,1352
33,2020-02-01,34,21,1,4,1353
33,2020-02-01,34,21,2,4,1354
33,2020-02-01,35,0,1,9,1355
33,2020-02-01,35,0,2,9,1356
33,2020-02-01,35,1,1,9,1357
33,2020-02-01,35,1,2,9,1358
33,2020-02-01,35,2,1,9,1359
33,2020-02-01,35,2,2,9,1360
33,2020-02-01,35,3,1,9,1361
33,2020-02-01,35,3,2,9,1362
33,2020-02-01,35,4,1,9,1363
33,2020-02-01,35,4,2,9,1364
33,2020-02-01,35,5,1,9,1365
33,2020-02-01,35,5,2,9,1366
33,2020-02-01,35,6,1,9,1367
33,2020-02-01,35,6,2,9,1368
33,2020-02-01,35,7,1,9,1370
33,2020-02-01,35,7,2,9,1371
33,2020-02-01,35,8,2,9,1373
33,2020-02-01,35,9,1,9,1374
33,2020-02-01,35,9,2,9,1375
33,2020-02-01,35,10,1,9,1376
33,2020-02-01,35,10,2,9,1377
33,2020-02-01,35,11,1,9,1379
33,2020-02-01,35,11,2,9,1380
33,2020-02-01,35,12,1,9,1382
33,2020-02-01,35,12,2,9,1383
33,2020-02-01,35,13,2,9,1385
33,2020-02-01,35,14,1,9,1386
33,2020-02-01,35,14,2,9,1387
33,2020-02-01,35,15,1,9,1388
33,2020-02-01,35,15,2,9,1389
33,2020-02-01,35,16,1,9,1391
33,2020-02-01,35,16,2,9,1392
33,2020-02-01,35,17,1,9,1394
33,2020-02-01,35,17,2,9,1395
33,2020-02-01,35,18,0,9,1396
33,2020-02-01,35,18,1,9,1397
33,2020-02-01,35,18,2,9,1398
33,2020-02-01,35,19,1,9,1400
33,2020-02-01,35,19,2,9,1401
33,2020-02-01,35,20,1,9,1403
33,2020-02-01,35,20,2,9,1404
33,2020-02-01,35,21,1,9,1405
33,2020-02-01,35,21,2,9,1406
33,2020-02-01,36,0,2,3,1409
33,2020-02-01,36,1,2,3,1411
33,2020-02-01,36,6,2,3,1422
33,2020-02-01,36,7,2,3,1425
33,2020-02-01,36,11,2,3,1433
33,2020-02-01,36,15,2,3,1441
33,2020-02-01,36,17,1,3,1445
33,2020-02-01,36,18,2,3,1449
33,2020-02-01,36,19,2,3,1452
33,2020-02-01,36,20,2,3,1455
33,2020-02-01,36,21,2,3,1458
33,2020-02-01,37,0,1,3,1460
33,2020-02-01,37,0,2,3,1461
33,2020-02-01,37,1,1,3,1462
33,2020-02-01,37,1,2,3,1463
33,2020-02-01,37,3,1,3,1467
33,2020-02-01,37,3,2,3,1468
33,2020-02-01,37,4,1,3,1469
33,2020-02-01,37,4,2,3,1470
33,2020-02-01,37,5,1,3,1472
33,2020-02-01,37,7,0,3,1476
33,2020-02-01,37,7,1,3,1477
33,2020-02-01,37,7,2,3,1478
33,2020-02-01,37,8,2,3,1480
33,2020-02-01,37,9,1,3,1481
33,2020-02-01,37,10,1,3,1483
33,2020-02-01,37,11,0,3,1485
33,2020-02-01,37,11,1,3,1486
33,2020-02-01,37,12,0,3,1488
33,2020-02-01,37,12,1,3,1489
33,2020-02-01,37,12,2,3,1490
33,2020-02-01,37,13,2,3,1492
33,2020-02-01,37,14,1,3,1493
33,2020-02-01,37,15,1,3,1495
33,2020-02-01,37,16,1,3,1498
33,2020-02-01,37,16,2,3,1499
33,2020-02-01,37,17,0,3,1500
33,2020-02-01,37,17,1,3,1501
33,2020-02-01,37,17,2,3,1502
33,2020-02-01,37,18,0,3,1503
33,2020-02-01,37,18,1,3,1504
33,2020-02-01,37,18,2,3,1505
33,2020-02-01,37,19,0,3,1506
33,2020-02-01,37,19,1,3,1507
33,2020-02-01,37,19,2,3,1508
33,2020-02-01,37,20,0,3,1509
33,2020-02-01,37,20,1,3,1510
33,2020-02-01,37,21,0,3,1512
33,2020-02-01,37,21,1,3,1513
33,2020-02-01,37,21,2,3,1514
33,2020-02-01,40,0,1,4,1585
33,2020-02-01,40,0,2,4,1586
33,2020-02-01,40,1,1,4,1587
33,2020-02-01,40,1,2,4,1588
33,2020-02-01,40,2,2,4,1590
33,2020-02-01,40,3,1,4,1591
33,2020-02-01,40,3,2,4,1592
33,2020-02-01,40,4,1,4,1593
33,2020-02-01,40,4,2,4,1594
33,2020-02-01,40,5,1,4,1595
33,2020-02-01,40,5,2,4,1596
33,2020-02-01,40,6,1,4,1597
33,2020-02-01,40,6,2,4,1598
33,2020-02-01,40,7,0,4,1599
33,2020-02-01,40,7,1,4,1600
33,2020-02-01,40,7,2,4,1601
33,2020-02-01,40,8,2,4,1602
33,2020-02-01,40,9,1,4,1603
33,2020-02-01,40,9,2,4,1604
33,2020-02-01,40,10,1,4,1605
33,2020-02-01,40,10,2,4,1606
33,2020-02-01,40,11,0,4,1607
33,2020-02-01,40,11,1,4,1608
33,2020-02-01,40,11,2,4,1609
33,2020-02-01,40,12,1,4,1611
33,2020-02-01,40,12,2,4,1612
33,2020-02-01,40,13,2,4,1613
33,2020-02-01,40,14,1,4,1614
33,2020-02-01,40,14,2,4,1615
33,2020-02-01,40,15,1,4,1616
33,2020-02-01,40,15,2,4,1617
33,2020-02-01,40,16,1,4,1618
33,2020-02-01,40,16,2,4,1619
33,2020-02-01,40,17,1,4,1621
33,2020-02-01,40,17,2,4,1622
33,2020-02-01,40,18,0,4,1623
33,2020-02-01,40,18,1,4,1624
33,2020-02-01,40,18,2,4,1625
33,2020-02-01,40,19,1,4,1626
33,2020-02-01,40,19,2,4,1627
33,2020-02-01,40,20,1,4,1629
33,2020-02-01,40,20,2,4,1630
33,2020-02-01,40,21,1,4,1631
33,2020-02-01,40,21,2,4,1632
33,2020-02-01,41,0,1,4,1633
33,2020-02-01,41,0,2,4,1634
33,2020-02-01,41,1,1,4,1635
33,2020-02-01,41,1,2,4,1636
33,2020-02-01,41,2,2,4,1638
33,2020-02-01,41,3,1,4,1639
33,2020-02-01,41,3,2,4,1640
33,2020-02-01,41,4,1,4,1641
33,2020-02-01,41,4,2,4,1642
33,2020-02-01,41,5,1,4,1643
33,2020-02-01,41,5,2,4,1644
33,2020-02-01,41,6,1,4,1645
33,2020-02-01,41,6,2,4,1646
33,2020-02-01,41,7,0,4,1647
33,2020-02-01,41,7,1,4,1648
33,2020-02-01,41,7,2,4,1649
33,2020-02-01,41,8,2,4,1650
33,2020-02-01,41,9,1,4,1651
33,2020-02-01,41,9,2,4,1652
33,2020-02-01,41,10,1,4,1653
33,2020-02-01,41,10,2,4,1654
33,2020-02-01,41,11,0,4,1655
33,2020-02-01,41,11,1,4,1656
33,2020-02-01,41,11,2,4,1657
33,2020-02-01,41,12,1,4,1659
33,2020-02-01,41,12,2,4,1660
33,2020-02-01,41,13,2,4,1661
33,2020-02-01,41,14,1,4,1662
33,2020-02-01,41,14,2,4,1663
33,2020-02-01,41,15,1,4,1664
33,2020-02-01,41,15,2,4,1665
33,2020-02-01,41,16,1,4,1666
33,2020-02-01,41,16,2,4,1667
33,2020-02-01,41,17,1,4,1669
33,2020-02-01,41,17,2,4,1670
33,2020-02-01,41,18,0,4,1671
33,2020-02-01,41,18,1,4,1672
33,2020-02-01,41,18,2,4,1673
33,2020-02-01,41,19,1,4,1674
33,2020-02-01,41,19,2,4,1675
33,2020-02-01,41,20,1,4,1677
33,2020-02-01,41,20,2,4,1678
33,2020-02-01,41,21,1,4,1679
33,2020-02-01,41,21,2,4,1680
33,2020-02-01,42,0,0,6,1681
33,2020-02-01,42,0,1,6,1682
33,2020-02-01,42,0,2,6,1683
33,2020-02-01,42,1,1,6,1684
33,2020-02-01,42,1,2,6,1685
33,2020-02-01,42,2,1,6,1686
33,2020-02-01,42,2,2,6,1687
33,2020-02-01,42,3,1,6,1688
33,2020-02-01,42,3,2,6,1689
33,2020-02-01,42,4,1,6,1690
33,2020-02-01,42,4,2,6,1691
33,2020-02-01,42,5,0,6,1692
33,2020-02-01,42,5,1,6,1693
33,2020-02-01,42,5,2,6,1694
33,2020-02-01,42,6,1,6,1695
33,2020-02-01,42,6,2,6,1696
33,2020-02-01,42,7,0,6,1697
33,2020-02-01,42,7,1,6,1698
33,2020-02-01,42,7,2,6,1699
33,2020-02-01,42,8,1,6,1700
33,2020-02-01,42,8,2,6,1701
33,2020-02-01,42,9,1,6,1702
33,2020-02-01,42,9,2,6,1703
33,2020-02-01,42,10,1,6,1704
33,2020-02-01,42,10,2,6,1705
33,2020-02-01,42,11,0,6,1706
33,2020-02-01,42,11,1,6,1707
33,2020-02-01,42,11,2,6,1708
33,2020-02-01,42,12,0,6,1709
33,2020-02-01,42,12,1,6,1710
33,2020-02-01,42,12,2,6,1711
33,2020-02-01,42,13,2,6,1712
33,2020-02-01,42,14,1,6,1713
33,2020-02-01,42,14,2,6,1714
33,2020-02-01,42,15,1,6,1715
33,2020-02-01,42,15,2,6,1716
33,2020-02-01,42,16,1,6,1718
33,2020-02-01,42,16,2,6,1719
33,2020-02-01,42,17,0,6,1720
33,2020-02-01,42,17,1,6,1721
33,2020-02-01,42,17,2,6,1722
33,2020-02-01,42,18,0,6,1723
33,2020-02-01,42,18,1,6,1724
33,2020-02-01,42,18,2,6,1725
33,2020-02-01,42,19,0,6,1726
33,2020-02-01,42,19,1,6,1727
33,2020-02-01,42,19,2,6,1728
33,2020-02-01,42,20,0,6,1729
33,2020-02-01,42,20,1,6,1730
33,2020-02-01,42,20,2,6,1731
33,2020-02-01,42,21,0,6,1732
33,2020-02-01,42,21,1,6,1733
33,2020-02-01,42,21,2,6,1734
33,2020-02-01,43,0,0,8,1735
33,2020-02-01,43,0,1,8,1736
33,2020-02-01,43,0,2,8,1737
33,2020-02-01,43,1,1,8,1738
33,2020-02-01,43,1,2,8,1739
33,2020-02-01,43,2,2,8,1741
33,2020-02-01,43,4,2,8,1743
33,2020-02-01,43,5,0,8,1744
33,2020-02-01,43,5,2,8,1746
33,2020-02-01,43,6,1,8,1747
33,2020-02-01,43,7,0,8,1749
33,2020-02-01,43,7,1,8,1750
33,2020-02-01,43,7,2,8,1751
33,2020-02-01,43,8,2,8,1753
33,2020-02-01,43,9,2,8,1755
33,2020-02-01,43,10,2,8,1757
33,2020-02-01,43,11,0,8,1758
33,2020-02-01,43,11,1,8,1759
33,2020-02-01,43,12,2,8,1763
33,2020-02-01,43,13,2,8,1764
33,2020-02-01,43,14,2,8,1765
33,2020-02-01,43,15,2,8,1767
33,2020-02-01,43,16,1,8,1768
33,2020-02-01,43,16,2,8,1769
33,2020-02-01,43,17,2,8,1772
33,2020-02-01,43,18,2,8,1775
33,2020-02-01,43,19,1,8,1776
33,2020-02-01,43,19,2,8,1777
33,2020-02-01,43,20,0,8,1778
33,2020-02-01,43,20,1,8,1779
33,2020-02-01,43,20,2,8,1780
33,2020-02-01,43,21,0,8,1781
33,2020-02-01,43,21,1,8,1782
33,2020-02-01,43,21,2,8,1783
33,2020-02-01,44,1,2,10,1787
33,2020-02-01,44,17,2,10,1807
33,2020-02-01,44,18,2,10,1808
33,2020-02-01,44,20,1,10,1810
33,2020-02-01,44,20,2,10,1811
33,2020-02-01,45,1,1,6,1814
33,2020-02-01,45,1,2,6,1815
33,2020-02-01,45,4,2,6,1818
33,2020-02-01,45,12,2,6,1825
33,2020-02-01,45,14,2,6,1827
33,2020-02-01,45,17,2,6,1829
33,2020-02-01,45,18,2,6,1831
33,2020-02-01,45,21,2,6,1835
33,2020-02-01,46,0,0,10,1836
33,2020-02-01,46,0,1,10,1837
33,2020-02-01,46,0,2,10,1838
33,2020-02-01,46,1,1,10,1840
33,2020-02-01,46,1,2,10,1841
33,2020-02-01,46,2,0,10,1842
33,2020-02-01,46,2,1,10,1843
33,2020-02-01,46,2,2,10,1844
33,2020-02-01,46,3,1,10,1845
33,2020-02-01,46,3,2,10,1846
33,2020-02-01,46,4,1,10,1847
33,2020-02-01,46,4,2,10,1848
33,2020-02-01,46,5,0,10,1849
33,2020-02-01,46,5,1,10,1850
33,2020-02-01,46,5,2,10,1851
33,2020-02-01,46,6,1,10,1852
33,2020-02-01,46,6,2,10,1853
33,2020-02-01,46,7,0,10,1854
33,2020-02-01,46,7,1,10,1855
33,2020-02-01,46,7,2,10,1856
33,2020-02-01,46,8,1,10,1857
33,2020-02-01,46,8,2,10,1858
33,2020-02-01,46,9,1,10,1859
33,2020-02-01,46,9,2,10,1860
33,2020-02-01,46,10,1,10,1861
33,2020-02-01,46,10,2,10,1862
33,2020-02-01,46,11,0,10,1863
33,2020-02-01,46,11,1,10,1864
33,2020-02-01,46,11,2,10,1865
33,2020-02-01,46,12,0,10,1866
33,2020-02-01,46,12,1,10,1867
33,2020-02-01,46,12,2,10,1868
33,2020-02-01,46,13,1,10,1869
33,2020-02-01,46,13,2,10,1870
33,2020-02-01,46,14,1,10,1871
33,2020-02-01,46,14,2,10,1872
33,2020-02-01,46,15,1,10,1873
33,2020-02-01,46,15,2,10,1874
33,2020-02-01,46,16,1,10,1876
33,2020-02-01,46,16,2,10,1877
33,2020-02-01,46,17,0,10,1878
33,2020-02-01,46,17,1,10,1879
33,2020-02-01,46,17,2,10,1880
33,2020-02-01,46,18,0,10,1881
33,2020-02-01,46,18,1,10,1882
33,2020-02-01,46,18,2,10,1883
33,2020-02-01,46,19,0,10,1884
33,2020-02-01,46,19,1,10,1885
33,2020-02-01,46,19,2,10,1886
33,2020-02-01,46,20,0,10,1887
33,2020-02-01,46,20,1,10,1888
33,2020-02-01,46,20,2,10,1889
33,2020-02-01,46,21,0,10,1890
33,2020-02-01,46,21,1,10,1891
33,2020-02-01,46,21,2,10,1892
33,2020-02-01,47,0,1,10,1894
33,2020-02-01,47,0,2,10,1895
33,2020-02-01,47,1,1,10,1897
33,2020-02-01,47,1,2,10,1898
33,2020-02-01,47,2,1,10,1900
33,2020-02-01,47,2,2,10,1901
33,2020-02-01,47,3,1,10,1902
33,2020-02-01,47,3,2,10,1903
33,2020-02-01,47,4,1,10,1904
33,2020-02-01,47,4,2,10,1905
33,2020-02-01,47,5,1,10,1907
33,2020-02-01,47,5,2,10,1908
33,2020-02-01,47,6,1,10,1909
33,2020-02-01,47,6,2,10,1910
33,2020-02-01,47,7,0,10,1911
33,2020-02-01,47,7,1,10,1912
33,2020-02-01,47,7,2,10,1913
33,2020-02-01,47,8,1,10,1914
33,2020-02-01,47,8,2,10,1915
33,2020-02-01,47,9,1,10,1916
33,2020-02-01,47,9,2,10,1917
33,2020-02-01,47,10,1,10,1918
33,2020-02-01,47,10,2,10,1919
33,2020-02-01,47,11,0,10,1920
33,2020-02-01,47,11,1,10,1921
33,2020-02-01,47,11,2,10,1922
33,2020-02-01,47,12,0,10,1923
33,2020-02-01,47,12,1,10,1924
33,2020-02-01,47,12,2,10,1925
33,2020-02-01,47,13,1,10,1926
33,2020-02-01,47,13,2,10,1927
33,2020-02-01,47,14,1,10,1928
33,2020-02-01,47,14,2,10,1929
33,2020-02-01,47,15,1,10,1930
33,2020-02-01,47,15,2,10,1931
33,2020-02-01,47,16,1,10,1933
33,2020-02-01,47,16,2,10,1934
33,2020-02-01,47,17,0,10,1935
33,2020-02-01,47,17,1,10,1936
33,2020-02-01,47,17,2,10,1937
33,2020-02-01,47,18,0,10,1938
33,2020-02-01,47,18,1,10,1939
33,2020-02-01,47,18,2,10,1940
33,2020-02-01,47,19,0,10,1941
33,2020-02-01,47,19,1,10,1942
33,2020-02-01,47,19,2,10,1943
33,2020-02-01,47,20,0,10,1944
33,2020-02-01,47,20,1,10,1945
33,2020-02-01,47,20,2,10,1946
33,2020-02-01,47,21,0,10,1947
33,2020-02-01,47,21,1,10,1948
33,2020-02-01,47,21,2,10,1949
